[debug] [2025-09-07T18:14:49.403Z] ----------------------------------------------------------------------
[debug] [2025-09-07T18:14:49.406Z] Command:       /home/trinity/.nvm/versions/node/v22.15.0/bin/node /mnt/c/Users/HELLO HOME TECH/AppData/Roaming/npm/node_modules/firebase-tools/lib/bin/firebase.js deploy --only hosting
[debug] [2025-09-07T18:14:49.407Z] CLI Version:   14.15.1
[debug] [2025-09-07T18:14:49.408Z] Platform:      linux
[debug] [2025-09-07T18:14:49.408Z] Node Version:  v22.15.0
[debug] [2025-09-07T18:14:49.408Z] Time:          Sun Sep 07 2025 20:14:49 GMT+0200 (South Africa Standard Time)
[debug] [2025-09-07T18:14:49.408Z] ----------------------------------------------------------------------
[debug] 
[debug] [2025-09-07T18:14:49.808Z] > command requires scopes: ["email","openid","https://www.googleapis.com/auth/cloudplatformprojects.readonly","https://www.googleapis.com/auth/firebase","https://www.googleapis.com/auth/cloud-platform"]
[debug] [2025-09-07T18:14:49.812Z] > authorizing via signed-in user (mugabetrinity@gmail.com)
[debug] [2025-09-07T18:14:49.812Z] [iam] checking project discountmartapp-cc4bf for permissions ["firebase.projects.get","firebasehosting.sites.update"]
[debug] [2025-09-07T18:14:49.813Z] Checked if tokens are valid: true, expires at: 1757272289085
[debug] [2025-09-07T18:14:49.814Z] Checked if tokens are valid: true, expires at: 1757272289085
[debug] [2025-09-07T18:14:49.815Z] >>> [apiv2][query] POST https://cloudresourcemanager.googleapis.com/v1/projects/discountmartapp-cc4bf:testIamPermissions [none]
[debug] [2025-09-07T18:14:49.816Z] >>> [apiv2][(partial)header] POST https://cloudresourcemanager.googleapis.com/v1/projects/discountmartapp-cc4bf:testIamPermissions x-goog-quota-user=projects/discountmartapp-cc4bf
[debug] [2025-09-07T18:14:49.816Z] >>> [apiv2][body] POST https://cloudresourcemanager.googleapis.com/v1/projects/discountmartapp-cc4bf:testIamPermissions {"permissions":["firebase.projects.get","firebasehosting.sites.update"]}
[debug] [2025-09-07T18:14:52.625Z] <<< [apiv2][status] POST https://cloudresourcemanager.googleapis.com/v1/projects/discountmartapp-cc4bf:testIamPermissions 200
[debug] [2025-09-07T18:14:52.627Z] <<< [apiv2][body] POST https://cloudresourcemanager.googleapis.com/v1/projects/discountmartapp-cc4bf:testIamPermissions {"permissions":["firebase.projects.get","firebasehosting.sites.update"]}
[debug] [2025-09-07T18:14:52.632Z] Checked if tokens are valid: true, expires at: 1757272289085
[debug] [2025-09-07T18:14:52.633Z] Checked if tokens are valid: true, expires at: 1757272289085
[debug] [2025-09-07T18:14:52.637Z] >>> [apiv2][query] GET https://firebase.googleapis.com/v1beta1/projects/discountmartapp-cc4bf [none]
[debug] [2025-09-07T18:14:53.654Z] <<< [apiv2][status] GET https://firebase.googleapis.com/v1beta1/projects/discountmartapp-cc4bf 200
[debug] [2025-09-07T18:14:53.655Z] <<< [apiv2][body] GET https://firebase.googleapis.com/v1beta1/projects/discountmartapp-cc4bf {"projectId":"discountmartapp-cc4bf","projectNumber":"299508835714","displayName":"Discountmartapp","name":"projects/discountmartapp-cc4bf","resources":{"hostingSite":"discountmartapp-cc4bf"},"state":"ACTIVE","etag":"1_96e23c05-27f2-4f53-8220-ab7f7db49172"}
[info] 
[info] === Deploying to 'discountmartapp-cc4bf'...
[info] 
[info] i  deploying hosting 
[debug] [2025-09-07T18:14:53.680Z] Checked if tokens are valid: true, expires at: 1757272289085
[debug] [2025-09-07T18:14:53.682Z] Checked if tokens are valid: true, expires at: 1757272289085
[debug] [2025-09-07T18:14:53.683Z] >>> [apiv2][query] POST https://firebasehosting.googleapis.com/v1beta1/projects/-/sites/discountmartapp-cc4bf/versions [none]
[debug] [2025-09-07T18:14:53.684Z] >>> [apiv2][body] POST https://firebasehosting.googleapis.com/v1beta1/projects/-/sites/discountmartapp-cc4bf/versions {"status":"CREATED","labels":{"deployment-tool":"cli-firebase"}}
[debug] [2025-09-07T18:14:56.678Z] <<< [apiv2][status] POST https://firebasehosting.googleapis.com/v1beta1/projects/-/sites/discountmartapp-cc4bf/versions 200
[debug] [2025-09-07T18:14:56.679Z] <<< [apiv2][body] POST https://firebasehosting.googleapis.com/v1beta1/projects/-/sites/discountmartapp-cc4bf/versions {"name":"projects/299508835714/sites/discountmartapp-cc4bf/versions/87956b2b4bb73478","status":"CREATED","config":{},"labels":{"deployment-tool":"cli-firebase"}}
[info] i  hosting[discountmartapp-cc4bf]: beginning deploy... 
[info] i  hosting[discountmartapp-cc4bf]: found 25 files in client/dist 
[debug] [2025-09-07T18:14:56.797Z] [hosting] uploading with 200 concurrency
[debug] [2025-09-07T18:14:56.800Z] [hosting] hash cache [Y2xpZW50L2Rpc3Q] not populated
[debug] [2025-09-07T18:14:57.006Z] Checked if tokens are valid: true, expires at: 1757272289085
[debug] [2025-09-07T18:14:57.006Z] Checked if tokens are valid: true, expires at: 1757272289085
[debug] [2025-09-07T18:14:57.007Z] [hosting] hash cache [Y2xpZW50L2Rpc3Q] stored for 25 files
[debug] [2025-09-07T18:14:57.007Z] [hosting][hash queue][FINAL] {"max":187,"min":38,"avg":60.28,"active":0,"complete":25,"success":25,"errored":0,"retried":0,"total":25,"elapsed":205}
[debug] [2025-09-07T18:14:57.008Z] >>> [apiv2][query] POST https://firebasehosting.googleapis.com/v1beta1/projects/299508835714/sites/discountmartapp-cc4bf/versions/87956b2b4bb73478:populateFiles [none]
[debug] [2025-09-07T18:14:57.008Z] >>> [apiv2][body] POST https://firebasehosting.googleapis.com/v1beta1/projects/299508835714/sites/discountmartapp-cc4bf/versions/87956b2b4bb73478:populateFiles {"files":{"/favicon.ico":"6cfcbbc1f61a55dbfadf4b957399d3eaf3bfdb16eb65ed43560a82dde3bd685f","/index.html":"30c7c0c357c4c94d13d657f450929c55e681b2e05498cc08ee9c26770d89384e","/assets/inter-vietnamese-400-normal-DMkecbls.woff2":"617acac0f9f159d07c67da6c466793a21daf4f32130cfd8ac1a1c3806593130c","/assets/inter-vietnamese-400-normal-Bbgyi5SW.woff":"4b45392576cd2d9e2cb78e5db018ca320eeb6c9e23dd48363fdd43e5291d1eae","/assets/inter-greek-400-normal-DxZsaF_h.woff2":"27ae8518183abc0f153c101f391231d3b208edc515f81e4fe68dc9c5c9dd492c","/assets/inter-greek-ext-400-normal-Bput3-QP.woff2":"6c7de200f85dbd7a4a64e5b42637f01309b86b7939766e84659c49f0392b03b7","/assets/inter-greek-400-normal-C3I71FoW.woff":"bae4c34c5390bf0efeaa1ff2a3002112678d58fd9b860366cfc98510e7598410","/assets/inter-greek-ext-400-normal-XIH6-K3k.woff":"9610226e86dd1d71f9ae53468e651710b38736d2eb793408a33178a54228b567","/assets/inter-cyrillic-400-normal-BLGc9T1a.woff2":"93c0a460df1463390e0b91c9830159289e936a846619bead958f747905564590","/assets/inter-cyrillic-ext-400-normal-Dc4VJyIJ.woff2":"e647d165aaac30fad23d81448d3d35baa3fde09950e56dd3bc3022f452211bc5","/assets/inter-cyrillic-ext-400-normal-BE2fNs0E.woff":"8726f7caaf62acc5c5eeb2926b3e37022f915aec9d0d673c9e5614f2856411e1","/assets/Home-KsgkB2Ve.js":"5ec869b9c1e34fbc4577eafdd6f442a89c699ed10d2c8104908629ea54003a86","/assets/inter-cyrillic-400-normal-alAqRL36.woff":"9624c7b1e4bd5afc6f440b711168f185072a52cd67473feda8fd427b82ab0630","/assets/Home-KsgkB2Ve.js.map":"5205b0a659ee5f3e9a5f1a7167460903a19cf5d4eb6351f49f209b14a9ba7e7e","/assets/inter-latin-400-normal-C38fXH4l.woff2":"0f915fe00a484b988ba7715a6aaa135d77516aad4a4c2d251530084e49c855c5","/assets/inter-latin-400-normal-CyCys3Eg.woff":"e3ea31c6962193220d3b204a3941daf16dd8a2962b8d0b4760469561a1973adc","/assets/inter-latin-ext-400-normal-C1nco2VV.woff2":"60882d09041aabcb2122e88ebd3158774b93998f6c5731cafeeddd9f26a080da","/assets/index-C-iBRKwy.css":"605cdcc29fa7d0ae4cb674f00b6e5fc3033b3e2d16fa16fa83babfa9bf896cf0","/assets/inter-latin-ext-400-normal-77YHD8bZ.woff":"fa3f4d97f73f7a6b5be50f01a6b07f274e090ae0e3a9e96987f852c0768bf516","/assets/Checkout-FHQ_p6wj.js":"cdaa0f6c082f0cf1c425d63eea9155ef24cb7cc3b82f47f9a942f729363f9d8b","/assets/vendor-DYYwmgDU.js":"7476c95ba284f5e107c30b014732fdb3a755dc6afe16e67e4496fffe1f46995a","/assets/index-B0JdVMSR.js":"14f422ba9df2db55637791de95998ab7ec89d5a880b8b46c15214d85392daece","/assets/Checkout-FHQ_p6wj.js.map":"6b57608a485de9fc16fd3647a1ff8c847c531e4579527c59de6c881af0f7d9ce","/assets/vendor-DYYwmgDU.js.map":"6d2d3b0579835af3d714f06f8996e510d43e4d0ef0f100cf9b50687d33a63480","/assets/index-B0JdVMSR.js.map":"9c9c5e8412101115c74011c82d69388425210dc526c3fdc06a8447bc330e2eb5"}}
[debug] [2025-09-07T18:14:57.719Z] <<< [apiv2][status] POST https://firebasehosting.googleapis.com/v1beta1/projects/299508835714/sites/discountmartapp-cc4bf/versions/87956b2b4bb73478:populateFiles 200
[debug] [2025-09-07T18:14:57.720Z] <<< [apiv2][body] POST https://firebasehosting.googleapis.com/v1beta1/projects/299508835714/sites/discountmartapp-cc4bf/versions/87956b2b4bb73478:populateFiles {"uploadRequiredHashes":["30c7c0c357c4c94d13d657f450929c55e681b2e05498cc08ee9c26770d89384e","605cdcc29fa7d0ae4cb674f00b6e5fc3033b3e2d16fa16fa83babfa9bf896cf0","0f915fe00a484b988ba7715a6aaa135d77516aad4a4c2d251530084e49c855c5","cdaa0f6c082f0cf1c425d63eea9155ef24cb7cc3b82f47f9a942f729363f9d8b","4b45392576cd2d9e2cb78e5db018ca320eeb6c9e23dd48363fdd43e5291d1eae","93c0a460df1463390e0b91c9830159289e936a846619bead958f747905564590","6c7de200f85dbd7a4a64e5b42637f01309b86b7939766e84659c49f0392b03b7","27ae8518183abc0f153c101f391231d3b208edc515f81e4fe68dc9c5c9dd492c","fa3f4d97f73f7a6b5be50f01a6b07f274e090ae0e3a9e96987f852c0768bf516","7476c95ba284f5e107c30b014732fdb3a755dc6afe16e67e4496fffe1f46995a","6b57608a485de9fc16fd3647a1ff8c847c531e4579527c59de6c881af0f7d9ce","5ec869b9c1e34fbc4577eafdd6f442a89c699ed10d2c8104908629ea54003a86","6cfcbbc1f61a55dbfadf4b957399d3eaf3bfdb16eb65ed43560a82dde3bd685f","9610226e86dd1d71f9ae53468e651710b38736d2eb793408a33178a54228b567","e3ea31c6962193220d3b204a3941daf16dd8a2962b8d0b4760469561a1973adc","60882d09041aabcb2122e88ebd3158774b93998f6c5731cafeeddd9f26a080da","5205b0a659ee5f3e9a5f1a7167460903a19cf5d4eb6351f49f209b14a9ba7e7e","9c9c5e8412101115c74011c82d69388425210dc526c3fdc06a8447bc330e2eb5","6d2d3b0579835af3d714f06f8996e510d43e4d0ef0f100cf9b50687d33a63480","14f422ba9df2db55637791de95998ab7ec89d5a880b8b46c15214d85392daece","617acac0f9f159d07c67da6c466793a21daf4f32130cfd8ac1a1c3806593130c","8726f7caaf62acc5c5eeb2926b3e37022f915aec9d0d673c9e5614f2856411e1","e647d165aaac30fad23d81448d3d35baa3fde09950e56dd3bc3022f452211bc5","9624c7b1e4bd5afc6f440b711168f185072a52cd67473feda8fd427b82ab0630","bae4c34c5390bf0efeaa1ff2a3002112678d58fd9b860366cfc98510e7598410"],"uploadUrl":"https://upload-firebasehosting.googleapis.com/upload/sites/discountmartapp-cc4bf/versions/87956b2b4bb73478/files"}
[debug] [2025-09-07T18:14:57.724Z] Checked if tokens are valid: true, expires at: 1757272289085
[debug] [2025-09-07T18:14:57.725Z] Checked if tokens are valid: true, expires at: 1757272289085
[debug] [2025-09-07T18:14:57.726Z] Checked if tokens are valid: true, expires at: 1757272289085
[debug] [2025-09-07T18:14:57.726Z] Checked if tokens are valid: true, expires at: 1757272289085
[debug] [2025-09-07T18:14:57.728Z] Checked if tokens are valid: true, expires at: 1757272289085
[debug] [2025-09-07T18:14:57.729Z] Checked if tokens are valid: true, expires at: 1757272289085
[debug] [2025-09-07T18:14:57.733Z] Checked if tokens are valid: true, expires at: 1757272289085
[debug] [2025-09-07T18:14:57.734Z] Checked if tokens are valid: true, expires at: 1757272289085
[debug] [2025-09-07T18:14:57.736Z] Checked if tokens are valid: true, expires at: 1757272289085
[debug] [2025-09-07T18:14:57.737Z] Checked if tokens are valid: true, expires at: 1757272289085
[debug] [2025-09-07T18:14:57.738Z] Checked if tokens are valid: true, expires at: 1757272289085
[debug] [2025-09-07T18:14:57.738Z] Checked if tokens are valid: true, expires at: 1757272289085
[debug] [2025-09-07T18:14:57.739Z] Checked if tokens are valid: true, expires at: 1757272289085
[debug] [2025-09-07T18:14:57.740Z] Checked if tokens are valid: true, expires at: 1757272289085
[debug] [2025-09-07T18:14:57.740Z] Checked if tokens are valid: true, expires at: 1757272289085
[debug] [2025-09-07T18:14:57.741Z] Checked if tokens are valid: true, expires at: 1757272289085
[debug] [2025-09-07T18:14:57.742Z] Checked if tokens are valid: true, expires at: 1757272289085
[debug] [2025-09-07T18:14:57.742Z] Checked if tokens are valid: true, expires at: 1757272289085
[debug] [2025-09-07T18:14:57.743Z] Checked if tokens are valid: true, expires at: 1757272289085
[debug] [2025-09-07T18:14:57.743Z] Checked if tokens are valid: true, expires at: 1757272289085
[debug] [2025-09-07T18:14:57.743Z] Checked if tokens are valid: true, expires at: 1757272289085
[debug] [2025-09-07T18:14:57.744Z] Checked if tokens are valid: true, expires at: 1757272289085
[debug] [2025-09-07T18:14:57.744Z] Checked if tokens are valid: true, expires at: 1757272289085
[debug] [2025-09-07T18:14:57.744Z] Checked if tokens are valid: true, expires at: 1757272289085
[debug] [2025-09-07T18:14:57.745Z] Checked if tokens are valid: true, expires at: 1757272289085
[debug] [2025-09-07T18:14:57.745Z] Checked if tokens are valid: true, expires at: 1757272289085
[debug] [2025-09-07T18:14:57.746Z] Checked if tokens are valid: true, expires at: 1757272289085
[debug] [2025-09-07T18:14:57.746Z] Checked if tokens are valid: true, expires at: 1757272289085
[debug] [2025-09-07T18:14:57.748Z] Checked if tokens are valid: true, expires at: 1757272289085
[debug] [2025-09-07T18:14:57.748Z] Checked if tokens are valid: true, expires at: 1757272289085
[debug] [2025-09-07T18:14:57.750Z] Checked if tokens are valid: true, expires at: 1757272289085
[debug] [2025-09-07T18:14:57.750Z] Checked if tokens are valid: true, expires at: 1757272289085
[debug] [2025-09-07T18:14:57.751Z] Checked if tokens are valid: true, expires at: 1757272289085
[debug] [2025-09-07T18:14:57.751Z] Checked if tokens are valid: true, expires at: 1757272289085
[debug] [2025-09-07T18:14:57.752Z] Checked if tokens are valid: true, expires at: 1757272289085
[debug] [2025-09-07T18:14:57.752Z] Checked if tokens are valid: true, expires at: 1757272289085
[debug] [2025-09-07T18:14:57.753Z] Checked if tokens are valid: true, expires at: 1757272289085
[debug] [2025-09-07T18:14:57.753Z] Checked if tokens are valid: true, expires at: 1757272289085
[debug] [2025-09-07T18:14:57.754Z] Checked if tokens are valid: true, expires at: 1757272289085
[debug] [2025-09-07T18:14:57.754Z] Checked if tokens are valid: true, expires at: 1757272289085
[debug] [2025-09-07T18:14:57.755Z] Checked if tokens are valid: true, expires at: 1757272289085
[debug] [2025-09-07T18:14:57.756Z] Checked if tokens are valid: true, expires at: 1757272289085
[debug] [2025-09-07T18:14:57.757Z] Checked if tokens are valid: true, expires at: 1757272289085
[debug] [2025-09-07T18:14:57.757Z] Checked if tokens are valid: true, expires at: 1757272289085
[debug] [2025-09-07T18:14:57.758Z] Checked if tokens are valid: true, expires at: 1757272289085
[debug] [2025-09-07T18:14:57.758Z] Checked if tokens are valid: true, expires at: 1757272289085
[debug] [2025-09-07T18:14:57.759Z] Checked if tokens are valid: true, expires at: 1757272289085
[debug] [2025-09-07T18:14:57.759Z] Checked if tokens are valid: true, expires at: 1757272289085
[debug] [2025-09-07T18:14:57.760Z] Checked if tokens are valid: true, expires at: 1757272289085
[debug] [2025-09-07T18:14:57.760Z] Checked if tokens are valid: true, expires at: 1757272289085
[debug] [2025-09-07T18:14:57.760Z] >>> [apiv2][query] POST https://upload-firebasehosting.googleapis.com/upload/sites/discountmartapp-cc4bf/versions/87956b2b4bb73478/files/30c7c0c357c4c94d13d657f450929c55e681b2e05498cc08ee9c26770d89384e [none]
[debug] [2025-09-07T18:14:57.761Z] >>> [apiv2][body] POST https://upload-firebasehosting.googleapis.com/upload/sites/discountmartapp-cc4bf/versions/87956b2b4bb73478/files/30c7c0c357c4c94d13d657f450929c55e681b2e05498cc08ee9c26770d89384e [stream]
[debug] [2025-09-07T18:14:57.767Z] >>> [apiv2][query] POST https://upload-firebasehosting.googleapis.com/upload/sites/discountmartapp-cc4bf/versions/87956b2b4bb73478/files/605cdcc29fa7d0ae4cb674f00b6e5fc3033b3e2d16fa16fa83babfa9bf896cf0 [none]
[debug] [2025-09-07T18:14:57.768Z] >>> [apiv2][body] POST https://upload-firebasehosting.googleapis.com/upload/sites/discountmartapp-cc4bf/versions/87956b2b4bb73478/files/605cdcc29fa7d0ae4cb674f00b6e5fc3033b3e2d16fa16fa83babfa9bf896cf0 [stream]
[debug] [2025-09-07T18:14:57.770Z] >>> [apiv2][query] POST https://upload-firebasehosting.googleapis.com/upload/sites/discountmartapp-cc4bf/versions/87956b2b4bb73478/files/0f915fe00a484b988ba7715a6aaa135d77516aad4a4c2d251530084e49c855c5 [none]
[debug] [2025-09-07T18:14:57.771Z] >>> [apiv2][body] POST https://upload-firebasehosting.googleapis.com/upload/sites/discountmartapp-cc4bf/versions/87956b2b4bb73478/files/0f915fe00a484b988ba7715a6aaa135d77516aad4a4c2d251530084e49c855c5 [stream]
[debug] [2025-09-07T18:14:57.772Z] >>> [apiv2][query] POST https://upload-firebasehosting.googleapis.com/upload/sites/discountmartapp-cc4bf/versions/87956b2b4bb73478/files/cdaa0f6c082f0cf1c425d63eea9155ef24cb7cc3b82f47f9a942f729363f9d8b [none]
[debug] [2025-09-07T18:14:57.773Z] >>> [apiv2][body] POST https://upload-firebasehosting.googleapis.com/upload/sites/discountmartapp-cc4bf/versions/87956b2b4bb73478/files/cdaa0f6c082f0cf1c425d63eea9155ef24cb7cc3b82f47f9a942f729363f9d8b [stream]
[debug] [2025-09-07T18:14:57.774Z] >>> [apiv2][query] POST https://upload-firebasehosting.googleapis.com/upload/sites/discountmartapp-cc4bf/versions/87956b2b4bb73478/files/4b45392576cd2d9e2cb78e5db018ca320eeb6c9e23dd48363fdd43e5291d1eae [none]
[debug] [2025-09-07T18:14:57.775Z] >>> [apiv2][body] POST https://upload-firebasehosting.googleapis.com/upload/sites/discountmartapp-cc4bf/versions/87956b2b4bb73478/files/4b45392576cd2d9e2cb78e5db018ca320eeb6c9e23dd48363fdd43e5291d1eae [stream]
[debug] [2025-09-07T18:14:57.777Z] >>> [apiv2][query] POST https://upload-firebasehosting.googleapis.com/upload/sites/discountmartapp-cc4bf/versions/87956b2b4bb73478/files/93c0a460df1463390e0b91c9830159289e936a846619bead958f747905564590 [none]
[debug] [2025-09-07T18:14:57.777Z] >>> [apiv2][body] POST https://upload-firebasehosting.googleapis.com/upload/sites/discountmartapp-cc4bf/versions/87956b2b4bb73478/files/93c0a460df1463390e0b91c9830159289e936a846619bead958f747905564590 [stream]
[debug] [2025-09-07T18:14:57.779Z] >>> [apiv2][query] POST https://upload-firebasehosting.googleapis.com/upload/sites/discountmartapp-cc4bf/versions/87956b2b4bb73478/files/6c7de200f85dbd7a4a64e5b42637f01309b86b7939766e84659c49f0392b03b7 [none]
[debug] [2025-09-07T18:14:57.780Z] >>> [apiv2][body] POST https://upload-firebasehosting.googleapis.com/upload/sites/discountmartapp-cc4bf/versions/87956b2b4bb73478/files/6c7de200f85dbd7a4a64e5b42637f01309b86b7939766e84659c49f0392b03b7 [stream]
[debug] [2025-09-07T18:14:57.783Z] >>> [apiv2][query] POST https://upload-firebasehosting.googleapis.com/upload/sites/discountmartapp-cc4bf/versions/87956b2b4bb73478/files/27ae8518183abc0f153c101f391231d3b208edc515f81e4fe68dc9c5c9dd492c [none]
[debug] [2025-09-07T18:14:57.784Z] >>> [apiv2][body] POST https://upload-firebasehosting.googleapis.com/upload/sites/discountmartapp-cc4bf/versions/87956b2b4bb73478/files/27ae8518183abc0f153c101f391231d3b208edc515f81e4fe68dc9c5c9dd492c [stream]
[debug] [2025-09-07T18:14:57.785Z] >>> [apiv2][query] POST https://upload-firebasehosting.googleapis.com/upload/sites/discountmartapp-cc4bf/versions/87956b2b4bb73478/files/fa3f4d97f73f7a6b5be50f01a6b07f274e090ae0e3a9e96987f852c0768bf516 [none]
[debug] [2025-09-07T18:14:57.785Z] >>> [apiv2][body] POST https://upload-firebasehosting.googleapis.com/upload/sites/discountmartapp-cc4bf/versions/87956b2b4bb73478/files/fa3f4d97f73f7a6b5be50f01a6b07f274e090ae0e3a9e96987f852c0768bf516 [stream]
[debug] [2025-09-07T18:14:57.786Z] >>> [apiv2][query] POST https://upload-firebasehosting.googleapis.com/upload/sites/discountmartapp-cc4bf/versions/87956b2b4bb73478/files/7476c95ba284f5e107c30b014732fdb3a755dc6afe16e67e4496fffe1f46995a [none]
[debug] [2025-09-07T18:14:57.786Z] >>> [apiv2][body] POST https://upload-firebasehosting.googleapis.com/upload/sites/discountmartapp-cc4bf/versions/87956b2b4bb73478/files/7476c95ba284f5e107c30b014732fdb3a755dc6afe16e67e4496fffe1f46995a [stream]
[debug] [2025-09-07T18:14:57.787Z] >>> [apiv2][query] POST https://upload-firebasehosting.googleapis.com/upload/sites/discountmartapp-cc4bf/versions/87956b2b4bb73478/files/6b57608a485de9fc16fd3647a1ff8c847c531e4579527c59de6c881af0f7d9ce [none]
[debug] [2025-09-07T18:14:57.787Z] >>> [apiv2][body] POST https://upload-firebasehosting.googleapis.com/upload/sites/discountmartapp-cc4bf/versions/87956b2b4bb73478/files/6b57608a485de9fc16fd3647a1ff8c847c531e4579527c59de6c881af0f7d9ce [stream]
[debug] [2025-09-07T18:14:57.788Z] >>> [apiv2][query] POST https://upload-firebasehosting.googleapis.com/upload/sites/discountmartapp-cc4bf/versions/87956b2b4bb73478/files/5ec869b9c1e34fbc4577eafdd6f442a89c699ed10d2c8104908629ea54003a86 [none]
[debug] [2025-09-07T18:14:57.788Z] >>> [apiv2][body] POST https://upload-firebasehosting.googleapis.com/upload/sites/discountmartapp-cc4bf/versions/87956b2b4bb73478/files/5ec869b9c1e34fbc4577eafdd6f442a89c699ed10d2c8104908629ea54003a86 [stream]
[debug] [2025-09-07T18:14:57.789Z] >>> [apiv2][query] POST https://upload-firebasehosting.googleapis.com/upload/sites/discountmartapp-cc4bf/versions/87956b2b4bb73478/files/6cfcbbc1f61a55dbfadf4b957399d3eaf3bfdb16eb65ed43560a82dde3bd685f [none]
[debug] [2025-09-07T18:14:57.790Z] >>> [apiv2][body] POST https://upload-firebasehosting.googleapis.com/upload/sites/discountmartapp-cc4bf/versions/87956b2b4bb73478/files/6cfcbbc1f61a55dbfadf4b957399d3eaf3bfdb16eb65ed43560a82dde3bd685f [stream]
[debug] [2025-09-07T18:14:57.791Z] >>> [apiv2][query] POST https://upload-firebasehosting.googleapis.com/upload/sites/discountmartapp-cc4bf/versions/87956b2b4bb73478/files/9610226e86dd1d71f9ae53468e651710b38736d2eb793408a33178a54228b567 [none]
[debug] [2025-09-07T18:14:57.794Z] >>> [apiv2][body] POST https://upload-firebasehosting.googleapis.com/upload/sites/discountmartapp-cc4bf/versions/87956b2b4bb73478/files/9610226e86dd1d71f9ae53468e651710b38736d2eb793408a33178a54228b567 [stream]
[debug] [2025-09-07T18:14:57.795Z] >>> [apiv2][query] POST https://upload-firebasehosting.googleapis.com/upload/sites/discountmartapp-cc4bf/versions/87956b2b4bb73478/files/e3ea31c6962193220d3b204a3941daf16dd8a2962b8d0b4760469561a1973adc [none]
[debug] [2025-09-07T18:14:57.795Z] >>> [apiv2][body] POST https://upload-firebasehosting.googleapis.com/upload/sites/discountmartapp-cc4bf/versions/87956b2b4bb73478/files/e3ea31c6962193220d3b204a3941daf16dd8a2962b8d0b4760469561a1973adc [stream]
[debug] [2025-09-07T18:14:57.798Z] >>> [apiv2][query] POST https://upload-firebasehosting.googleapis.com/upload/sites/discountmartapp-cc4bf/versions/87956b2b4bb73478/files/60882d09041aabcb2122e88ebd3158774b93998f6c5731cafeeddd9f26a080da [none]
[debug] [2025-09-07T18:14:57.798Z] >>> [apiv2][body] POST https://upload-firebasehosting.googleapis.com/upload/sites/discountmartapp-cc4bf/versions/87956b2b4bb73478/files/60882d09041aabcb2122e88ebd3158774b93998f6c5731cafeeddd9f26a080da [stream]
[debug] [2025-09-07T18:14:57.800Z] >>> [apiv2][query] POST https://upload-firebasehosting.googleapis.com/upload/sites/discountmartapp-cc4bf/versions/87956b2b4bb73478/files/5205b0a659ee5f3e9a5f1a7167460903a19cf5d4eb6351f49f209b14a9ba7e7e [none]
[debug] [2025-09-07T18:14:57.800Z] >>> [apiv2][body] POST https://upload-firebasehosting.googleapis.com/upload/sites/discountmartapp-cc4bf/versions/87956b2b4bb73478/files/5205b0a659ee5f3e9a5f1a7167460903a19cf5d4eb6351f49f209b14a9ba7e7e [stream]
[debug] [2025-09-07T18:14:57.801Z] >>> [apiv2][query] POST https://upload-firebasehosting.googleapis.com/upload/sites/discountmartapp-cc4bf/versions/87956b2b4bb73478/files/9c9c5e8412101115c74011c82d69388425210dc526c3fdc06a8447bc330e2eb5 [none]
[debug] [2025-09-07T18:14:57.802Z] >>> [apiv2][body] POST https://upload-firebasehosting.googleapis.com/upload/sites/discountmartapp-cc4bf/versions/87956b2b4bb73478/files/9c9c5e8412101115c74011c82d69388425210dc526c3fdc06a8447bc330e2eb5 [stream]
[debug] [2025-09-07T18:14:57.803Z] >>> [apiv2][query] POST https://upload-firebasehosting.googleapis.com/upload/sites/discountmartapp-cc4bf/versions/87956b2b4bb73478/files/6d2d3b0579835af3d714f06f8996e510d43e4d0ef0f100cf9b50687d33a63480 [none]
[debug] [2025-09-07T18:14:57.803Z] >>> [apiv2][body] POST https://upload-firebasehosting.googleapis.com/upload/sites/discountmartapp-cc4bf/versions/87956b2b4bb73478/files/6d2d3b0579835af3d714f06f8996e510d43e4d0ef0f100cf9b50687d33a63480 [stream]
[debug] [2025-09-07T18:14:57.805Z] >>> [apiv2][query] POST https://upload-firebasehosting.googleapis.com/upload/sites/discountmartapp-cc4bf/versions/87956b2b4bb73478/files/14f422ba9df2db55637791de95998ab7ec89d5a880b8b46c15214d85392daece [none]
[debug] [2025-09-07T18:14:57.805Z] >>> [apiv2][body] POST https://upload-firebasehosting.googleapis.com/upload/sites/discountmartapp-cc4bf/versions/87956b2b4bb73478/files/14f422ba9df2db55637791de95998ab7ec89d5a880b8b46c15214d85392daece [stream]
[debug] [2025-09-07T18:14:57.806Z] >>> [apiv2][query] POST https://upload-firebasehosting.googleapis.com/upload/sites/discountmartapp-cc4bf/versions/87956b2b4bb73478/files/617acac0f9f159d07c67da6c466793a21daf4f32130cfd8ac1a1c3806593130c [none]
[debug] [2025-09-07T18:14:57.806Z] >>> [apiv2][body] POST https://upload-firebasehosting.googleapis.com/upload/sites/discountmartapp-cc4bf/versions/87956b2b4bb73478/files/617acac0f9f159d07c67da6c466793a21daf4f32130cfd8ac1a1c3806593130c [stream]
[debug] [2025-09-07T18:14:57.807Z] >>> [apiv2][query] POST https://upload-firebasehosting.googleapis.com/upload/sites/discountmartapp-cc4bf/versions/87956b2b4bb73478/files/8726f7caaf62acc5c5eeb2926b3e37022f915aec9d0d673c9e5614f2856411e1 [none]
[debug] [2025-09-07T18:14:57.807Z] >>> [apiv2][body] POST https://upload-firebasehosting.googleapis.com/upload/sites/discountmartapp-cc4bf/versions/87956b2b4bb73478/files/8726f7caaf62acc5c5eeb2926b3e37022f915aec9d0d673c9e5614f2856411e1 [stream]
[debug] [2025-09-07T18:14:57.809Z] >>> [apiv2][query] POST https://upload-firebasehosting.googleapis.com/upload/sites/discountmartapp-cc4bf/versions/87956b2b4bb73478/files/e647d165aaac30fad23d81448d3d35baa3fde09950e56dd3bc3022f452211bc5 [none]
[debug] [2025-09-07T18:14:57.810Z] >>> [apiv2][body] POST https://upload-firebasehosting.googleapis.com/upload/sites/discountmartapp-cc4bf/versions/87956b2b4bb73478/files/e647d165aaac30fad23d81448d3d35baa3fde09950e56dd3bc3022f452211bc5 [stream]
[debug] [2025-09-07T18:14:57.811Z] >>> [apiv2][query] POST https://upload-firebasehosting.googleapis.com/upload/sites/discountmartapp-cc4bf/versions/87956b2b4bb73478/files/9624c7b1e4bd5afc6f440b711168f185072a52cd67473feda8fd427b82ab0630 [none]
[debug] [2025-09-07T18:14:57.812Z] >>> [apiv2][body] POST https://upload-firebasehosting.googleapis.com/upload/sites/discountmartapp-cc4bf/versions/87956b2b4bb73478/files/9624c7b1e4bd5afc6f440b711168f185072a52cd67473feda8fd427b82ab0630 [stream]
[debug] [2025-09-07T18:14:57.814Z] >>> [apiv2][query] POST https://upload-firebasehosting.googleapis.com/upload/sites/discountmartapp-cc4bf/versions/87956b2b4bb73478/files/bae4c34c5390bf0efeaa1ff2a3002112678d58fd9b860366cfc98510e7598410 [none]
[debug] [2025-09-07T18:14:57.814Z] >>> [apiv2][body] POST https://upload-firebasehosting.googleapis.com/upload/sites/discountmartapp-cc4bf/versions/87956b2b4bb73478/files/bae4c34c5390bf0efeaa1ff2a3002112678d58fd9b860366cfc98510e7598410 [stream]
[debug] [2025-09-07T18:14:57.816Z] [hosting][populate queue][FINAL] {"max":754,"min":754,"avg":754,"active":0,"complete":1,"success":1,"errored":0,"retried":0,"total":1,"elapsed":810}
[debug] [2025-09-07T18:14:57.817Z] [hosting] uploads queued: 25
[info] i  hosting: uploading new files [0/25] (0%) 
[debug] [2025-09-07T18:14:59.720Z] <<< [apiv2][status] POST https://upload-firebasehosting.googleapis.com/upload/sites/discountmartapp-cc4bf/versions/87956b2b4bb73478/files/605cdcc29fa7d0ae4cb674f00b6e5fc3033b3e2d16fa16fa83babfa9bf896cf0 200
[debug] [2025-09-07T18:14:59.721Z] <<< [apiv2][body] POST https://upload-firebasehosting.googleapis.com/upload/sites/discountmartapp-cc4bf/versions/87956b2b4bb73478/files/605cdcc29fa7d0ae4cb674f00b6e5fc3033b3e2d16fa16fa83babfa9bf896cf0 [stream]
[debug] [2025-09-07T18:14:59.813Z] <<< [apiv2][status] POST https://upload-firebasehosting.googleapis.com/upload/sites/discountmartapp-cc4bf/versions/87956b2b4bb73478/files/93c0a460df1463390e0b91c9830159289e936a846619bead958f747905564590 200
[debug] [2025-09-07T18:14:59.813Z] <<< [apiv2][body] POST https://upload-firebasehosting.googleapis.com/upload/sites/discountmartapp-cc4bf/versions/87956b2b4bb73478/files/93c0a460df1463390e0b91c9830159289e936a846619bead958f747905564590 [stream]
[debug] [2025-09-07T18:14:59.822Z] <<< [apiv2][status] POST https://upload-firebasehosting.googleapis.com/upload/sites/discountmartapp-cc4bf/versions/87956b2b4bb73478/files/e647d165aaac30fad23d81448d3d35baa3fde09950e56dd3bc3022f452211bc5 200
[debug] [2025-09-07T18:14:59.823Z] <<< [apiv2][body] POST https://upload-firebasehosting.googleapis.com/upload/sites/discountmartapp-cc4bf/versions/87956b2b4bb73478/files/e647d165aaac30fad23d81448d3d35baa3fde09950e56dd3bc3022f452211bc5 [stream]
[debug] [2025-09-07T18:14:59.878Z] <<< [apiv2][status] POST https://upload-firebasehosting.googleapis.com/upload/sites/discountmartapp-cc4bf/versions/87956b2b4bb73478/files/60882d09041aabcb2122e88ebd3158774b93998f6c5731cafeeddd9f26a080da 200
[debug] [2025-09-07T18:14:59.878Z] <<< [apiv2][body] POST https://upload-firebasehosting.googleapis.com/upload/sites/discountmartapp-cc4bf/versions/87956b2b4bb73478/files/60882d09041aabcb2122e88ebd3158774b93998f6c5731cafeeddd9f26a080da [stream]
[debug] [2025-09-07T18:14:59.911Z] <<< [apiv2][status] POST https://upload-firebasehosting.googleapis.com/upload/sites/discountmartapp-cc4bf/versions/87956b2b4bb73478/files/e3ea31c6962193220d3b204a3941daf16dd8a2962b8d0b4760469561a1973adc 200
[debug] [2025-09-07T18:14:59.912Z] <<< [apiv2][body] POST https://upload-firebasehosting.googleapis.com/upload/sites/discountmartapp-cc4bf/versions/87956b2b4bb73478/files/e3ea31c6962193220d3b204a3941daf16dd8a2962b8d0b4760469561a1973adc [stream]
[debug] [2025-09-07T18:14:59.935Z] <<< [apiv2][status] POST https://upload-firebasehosting.googleapis.com/upload/sites/discountmartapp-cc4bf/versions/87956b2b4bb73478/files/9624c7b1e4bd5afc6f440b711168f185072a52cd67473feda8fd427b82ab0630 200
[debug] [2025-09-07T18:14:59.936Z] <<< [apiv2][body] POST https://upload-firebasehosting.googleapis.com/upload/sites/discountmartapp-cc4bf/versions/87956b2b4bb73478/files/9624c7b1e4bd5afc6f440b711168f185072a52cd67473feda8fd427b82ab0630 [stream]
[debug] [2025-09-07T18:14:59.959Z] <<< [apiv2][status] POST https://upload-firebasehosting.googleapis.com/upload/sites/discountmartapp-cc4bf/versions/87956b2b4bb73478/files/0f915fe00a484b988ba7715a6aaa135d77516aad4a4c2d251530084e49c855c5 200
[debug] [2025-09-07T18:14:59.960Z] <<< [apiv2][body] POST https://upload-firebasehosting.googleapis.com/upload/sites/discountmartapp-cc4bf/versions/87956b2b4bb73478/files/0f915fe00a484b988ba7715a6aaa135d77516aad4a4c2d251530084e49c855c5 [stream]
[debug] [2025-09-07T18:14:59.974Z] <<< [apiv2][status] POST https://upload-firebasehosting.googleapis.com/upload/sites/discountmartapp-cc4bf/versions/87956b2b4bb73478/files/30c7c0c357c4c94d13d657f450929c55e681b2e05498cc08ee9c26770d89384e 200
[debug] [2025-09-07T18:14:59.974Z] <<< [apiv2][body] POST https://upload-firebasehosting.googleapis.com/upload/sites/discountmartapp-cc4bf/versions/87956b2b4bb73478/files/30c7c0c357c4c94d13d657f450929c55e681b2e05498cc08ee9c26770d89384e [stream]
[debug] [2025-09-07T18:14:59.989Z] <<< [apiv2][status] POST https://upload-firebasehosting.googleapis.com/upload/sites/discountmartapp-cc4bf/versions/87956b2b4bb73478/files/5205b0a659ee5f3e9a5f1a7167460903a19cf5d4eb6351f49f209b14a9ba7e7e 200
[debug] [2025-09-07T18:14:59.990Z] <<< [apiv2][body] POST https://upload-firebasehosting.googleapis.com/upload/sites/discountmartapp-cc4bf/versions/87956b2b4bb73478/files/5205b0a659ee5f3e9a5f1a7167460903a19cf5d4eb6351f49f209b14a9ba7e7e [stream]
[debug] [2025-09-07T18:15:00.010Z] <<< [apiv2][status] POST https://upload-firebasehosting.googleapis.com/upload/sites/discountmartapp-cc4bf/versions/87956b2b4bb73478/files/cdaa0f6c082f0cf1c425d63eea9155ef24cb7cc3b82f47f9a942f729363f9d8b 200
[debug] [2025-09-07T18:15:00.010Z] <<< [apiv2][body] POST https://upload-firebasehosting.googleapis.com/upload/sites/discountmartapp-cc4bf/versions/87956b2b4bb73478/files/cdaa0f6c082f0cf1c425d63eea9155ef24cb7cc3b82f47f9a942f729363f9d8b [stream]
[debug] [2025-09-07T18:15:00.158Z] <<< [apiv2][status] POST https://upload-firebasehosting.googleapis.com/upload/sites/discountmartapp-cc4bf/versions/87956b2b4bb73478/files/4b45392576cd2d9e2cb78e5db018ca320eeb6c9e23dd48363fdd43e5291d1eae 200
[debug] [2025-09-07T18:15:00.158Z] <<< [apiv2][body] POST https://upload-firebasehosting.googleapis.com/upload/sites/discountmartapp-cc4bf/versions/87956b2b4bb73478/files/4b45392576cd2d9e2cb78e5db018ca320eeb6c9e23dd48363fdd43e5291d1eae [stream]
[debug] [2025-09-07T18:15:00.173Z] <<< [apiv2][status] POST https://upload-firebasehosting.googleapis.com/upload/sites/discountmartapp-cc4bf/versions/87956b2b4bb73478/files/6c7de200f85dbd7a4a64e5b42637f01309b86b7939766e84659c49f0392b03b7 200
[debug] [2025-09-07T18:15:00.173Z] <<< [apiv2][body] POST https://upload-firebasehosting.googleapis.com/upload/sites/discountmartapp-cc4bf/versions/87956b2b4bb73478/files/6c7de200f85dbd7a4a64e5b42637f01309b86b7939766e84659c49f0392b03b7 [stream]
[debug] [2025-09-07T18:15:00.215Z] <<< [apiv2][status] POST https://upload-firebasehosting.googleapis.com/upload/sites/discountmartapp-cc4bf/versions/87956b2b4bb73478/files/27ae8518183abc0f153c101f391231d3b208edc515f81e4fe68dc9c5c9dd492c 200
[debug] [2025-09-07T18:15:00.215Z] <<< [apiv2][body] POST https://upload-firebasehosting.googleapis.com/upload/sites/discountmartapp-cc4bf/versions/87956b2b4bb73478/files/27ae8518183abc0f153c101f391231d3b208edc515f81e4fe68dc9c5c9dd492c [stream]
[debug] [2025-09-07T18:15:00.284Z] <<< [apiv2][status] POST https://upload-firebasehosting.googleapis.com/upload/sites/discountmartapp-cc4bf/versions/87956b2b4bb73478/files/5ec869b9c1e34fbc4577eafdd6f442a89c699ed10d2c8104908629ea54003a86 200
[debug] [2025-09-07T18:15:00.285Z] <<< [apiv2][body] POST https://upload-firebasehosting.googleapis.com/upload/sites/discountmartapp-cc4bf/versions/87956b2b4bb73478/files/5ec869b9c1e34fbc4577eafdd6f442a89c699ed10d2c8104908629ea54003a86 [stream]
[debug] [2025-09-07T18:15:00.374Z] <<< [apiv2][status] POST https://upload-firebasehosting.googleapis.com/upload/sites/discountmartapp-cc4bf/versions/87956b2b4bb73478/files/6d2d3b0579835af3d714f06f8996e510d43e4d0ef0f100cf9b50687d33a63480 200
[debug] [2025-09-07T18:15:00.375Z] <<< [apiv2][body] POST https://upload-firebasehosting.googleapis.com/upload/sites/discountmartapp-cc4bf/versions/87956b2b4bb73478/files/6d2d3b0579835af3d714f06f8996e510d43e4d0ef0f100cf9b50687d33a63480 [stream]
[debug] [2025-09-07T18:15:00.559Z] <<< [apiv2][status] POST https://upload-firebasehosting.googleapis.com/upload/sites/discountmartapp-cc4bf/versions/87956b2b4bb73478/files/9610226e86dd1d71f9ae53468e651710b38736d2eb793408a33178a54228b567 200
[debug] [2025-09-07T18:15:00.559Z] <<< [apiv2][body] POST https://upload-firebasehosting.googleapis.com/upload/sites/discountmartapp-cc4bf/versions/87956b2b4bb73478/files/9610226e86dd1d71f9ae53468e651710b38736d2eb793408a33178a54228b567 [stream]
[debug] [2025-09-07T18:15:00.574Z] <<< [apiv2][status] POST https://upload-firebasehosting.googleapis.com/upload/sites/discountmartapp-cc4bf/versions/87956b2b4bb73478/files/14f422ba9df2db55637791de95998ab7ec89d5a880b8b46c15214d85392daece 200
[debug] [2025-09-07T18:15:00.575Z] <<< [apiv2][body] POST https://upload-firebasehosting.googleapis.com/upload/sites/discountmartapp-cc4bf/versions/87956b2b4bb73478/files/14f422ba9df2db55637791de95998ab7ec89d5a880b8b46c15214d85392daece [stream]
[debug] [2025-09-07T18:15:00.652Z] <<< [apiv2][status] POST https://upload-firebasehosting.googleapis.com/upload/sites/discountmartapp-cc4bf/versions/87956b2b4bb73478/files/fa3f4d97f73f7a6b5be50f01a6b07f274e090ae0e3a9e96987f852c0768bf516 200
[debug] [2025-09-07T18:15:00.653Z] <<< [apiv2][body] POST https://upload-firebasehosting.googleapis.com/upload/sites/discountmartapp-cc4bf/versions/87956b2b4bb73478/files/fa3f4d97f73f7a6b5be50f01a6b07f274e090ae0e3a9e96987f852c0768bf516 [stream]
[debug] [2025-09-07T18:15:00.689Z] <<< [apiv2][status] POST https://upload-firebasehosting.googleapis.com/upload/sites/discountmartapp-cc4bf/versions/87956b2b4bb73478/files/6b57608a485de9fc16fd3647a1ff8c847c531e4579527c59de6c881af0f7d9ce 200
[debug] [2025-09-07T18:15:00.691Z] <<< [apiv2][body] POST https://upload-firebasehosting.googleapis.com/upload/sites/discountmartapp-cc4bf/versions/87956b2b4bb73478/files/6b57608a485de9fc16fd3647a1ff8c847c531e4579527c59de6c881af0f7d9ce [stream]
[debug] [2025-09-07T18:15:00.762Z] <<< [apiv2][status] POST https://upload-firebasehosting.googleapis.com/upload/sites/discountmartapp-cc4bf/versions/87956b2b4bb73478/files/7476c95ba284f5e107c30b014732fdb3a755dc6afe16e67e4496fffe1f46995a 200
[debug] [2025-09-07T18:15:00.763Z] <<< [apiv2][body] POST https://upload-firebasehosting.googleapis.com/upload/sites/discountmartapp-cc4bf/versions/87956b2b4bb73478/files/7476c95ba284f5e107c30b014732fdb3a755dc6afe16e67e4496fffe1f46995a [stream]
[debug] [2025-09-07T18:15:00.779Z] <<< [apiv2][status] POST https://upload-firebasehosting.googleapis.com/upload/sites/discountmartapp-cc4bf/versions/87956b2b4bb73478/files/6cfcbbc1f61a55dbfadf4b957399d3eaf3bfdb16eb65ed43560a82dde3bd685f 200
[debug] [2025-09-07T18:15:00.780Z] <<< [apiv2][body] POST https://upload-firebasehosting.googleapis.com/upload/sites/discountmartapp-cc4bf/versions/87956b2b4bb73478/files/6cfcbbc1f61a55dbfadf4b957399d3eaf3bfdb16eb65ed43560a82dde3bd685f [stream]
[info] i  hosting: uploading new files [21/25] (84%) 
[debug] [2025-09-07T18:15:01.060Z] <<< [apiv2][status] POST https://upload-firebasehosting.googleapis.com/upload/sites/discountmartapp-cc4bf/versions/87956b2b4bb73478/files/bae4c34c5390bf0efeaa1ff2a3002112678d58fd9b860366cfc98510e7598410 200
[debug] [2025-09-07T18:15:01.062Z] <<< [apiv2][body] POST https://upload-firebasehosting.googleapis.com/upload/sites/discountmartapp-cc4bf/versions/87956b2b4bb73478/files/bae4c34c5390bf0efeaa1ff2a3002112678d58fd9b860366cfc98510e7598410 [stream]
[debug] [2025-09-07T18:15:01.065Z] <<< [apiv2][status] POST https://upload-firebasehosting.googleapis.com/upload/sites/discountmartapp-cc4bf/versions/87956b2b4bb73478/files/8726f7caaf62acc5c5eeb2926b3e37022f915aec9d0d673c9e5614f2856411e1 200
[debug] [2025-09-07T18:15:01.065Z] <<< [apiv2][body] POST https://upload-firebasehosting.googleapis.com/upload/sites/discountmartapp-cc4bf/versions/87956b2b4bb73478/files/8726f7caaf62acc5c5eeb2926b3e37022f915aec9d0d673c9e5614f2856411e1 [stream]
[debug] [2025-09-07T18:15:01.672Z] <<< [apiv2][status] POST https://upload-firebasehosting.googleapis.com/upload/sites/discountmartapp-cc4bf/versions/87956b2b4bb73478/files/617acac0f9f159d07c67da6c466793a21daf4f32130cfd8ac1a1c3806593130c 200
[debug] [2025-09-07T18:15:01.673Z] <<< [apiv2][body] POST https://upload-firebasehosting.googleapis.com/upload/sites/discountmartapp-cc4bf/versions/87956b2b4bb73478/files/617acac0f9f159d07c67da6c466793a21daf4f32130cfd8ac1a1c3806593130c [stream]
[debug] [2025-09-07T18:15:01.727Z] <<< [apiv2][status] POST https://upload-firebasehosting.googleapis.com/upload/sites/discountmartapp-cc4bf/versions/87956b2b4bb73478/files/9c9c5e8412101115c74011c82d69388425210dc526c3fdc06a8447bc330e2eb5 200
[debug] [2025-09-07T18:15:01.728Z] <<< [apiv2][body] POST https://upload-firebasehosting.googleapis.com/upload/sites/discountmartapp-cc4bf/versions/87956b2b4bb73478/files/9c9c5e8412101115c74011c82d69388425210dc526c3fdc06a8447bc330e2eb5 [stream]
[debug] [2025-09-07T18:15:01.729Z] [hosting][upload queue][FINAL] {"max":3978,"min":1996,"avg":2647.36,"active":0,"complete":25,"success":25,"errored":0,"retried":0,"total":25,"elapsed":4007}
[info] i  hosting: upload complete 
[info] ✔  hosting[discountmartapp-cc4bf]: file upload complete 
[debug] [2025-09-07T18:15:01.732Z] [hosting] deploy completed after 4990ms
[debug] [2025-09-07T18:15:01.732Z] [
  {
    "config": {
      "public": "client/dist",
      "ignore": [
        "firebase.json",
        "**/.*",
        "**/node_modules/**"
      ],
      "rewrites": [
        {
          "source": "**",
          "destination": "/index.html"
        }
      ],
      "site": "discountmartapp-cc4bf"
    },
    "version": "projects/299508835714/sites/discountmartapp-cc4bf/versions/87956b2b4bb73478"
  }
]
[info] i  hosting[discountmartapp-cc4bf]: finalizing version... 
[debug] [2025-09-07T18:15:01.741Z] Checked if tokens are valid: true, expires at: 1757272289085
[debug] [2025-09-07T18:15:01.742Z] Checked if tokens are valid: true, expires at: 1757272289085
[debug] [2025-09-07T18:15:01.746Z] >>> [apiv2][query] PATCH https://firebasehosting.googleapis.com/v1beta1/projects/-/sites/discountmartapp-cc4bf/versions/87956b2b4bb73478 updateMask=status%2Cconfig
[debug] [2025-09-07T18:15:01.747Z] >>> [apiv2][body] PATCH https://firebasehosting.googleapis.com/v1beta1/projects/-/sites/discountmartapp-cc4bf/versions/87956b2b4bb73478 {"status":"FINALIZED","config":{"rewrites":[{"glob":"**","path":"/index.html"}]}}
[debug] [2025-09-07T18:15:02.233Z] <<< [apiv2][status] PATCH https://firebasehosting.googleapis.com/v1beta1/projects/-/sites/discountmartapp-cc4bf/versions/87956b2b4bb73478 200
[debug] [2025-09-07T18:15:02.234Z] <<< [apiv2][body] PATCH https://firebasehosting.googleapis.com/v1beta1/projects/-/sites/discountmartapp-cc4bf/versions/87956b2b4bb73478 {"name":"projects/299508835714/sites/discountmartapp-cc4bf/versions/87956b2b4bb73478","status":"FINALIZED","config":{"rewrites":[{"glob":"**","path":"/index.html"}]},"labels":{"deployment-tool":"cli-firebase"},"createTime":"2025-09-07T18:14:55.672161Z","createUser":{"email":"mugabetrinity@gmail.com"},"finalizeTime":"2025-09-07T18:15:01.883428Z","finalizeUser":{"email":"mugabetrinity@gmail.com"}}
[debug] [2025-09-07T18:15:02.235Z] [hosting] finalized version for discountmartapp-cc4bf:[object Object]
[info] ✔  hosting[discountmartapp-cc4bf]: version finalized 
[info] i  hosting[discountmartapp-cc4bf]: releasing new version... 
[debug] [2025-09-07T18:15:02.238Z] Checked if tokens are valid: true, expires at: 1757272289085
[debug] [2025-09-07T18:15:02.239Z] Checked if tokens are valid: true, expires at: 1757272289085
[debug] [2025-09-07T18:15:02.240Z] >>> [apiv2][query] POST https://firebasehosting.googleapis.com/v1beta1/projects/-/sites/discountmartapp-cc4bf/channels/live/releases versionName=projects%2F299508835714%2Fsites%2Fdiscountmartapp-cc4bf%2Fversions%2F87956b2b4bb73478
[debug] [2025-09-07T18:15:02.241Z] >>> [apiv2][body] POST https://firebasehosting.googleapis.com/v1beta1/projects/-/sites/discountmartapp-cc4bf/channels/live/releases {}
[debug] [2025-09-07T18:15:02.949Z] <<< [apiv2][status] POST https://firebasehosting.googleapis.com/v1beta1/projects/-/sites/discountmartapp-cc4bf/channels/live/releases 200
[debug] [2025-09-07T18:15:02.949Z] <<< [apiv2][body] POST https://firebasehosting.googleapis.com/v1beta1/projects/-/sites/discountmartapp-cc4bf/channels/live/releases {"name":"projects/299508835714/sites/discountmartapp-cc4bf/channels/live/releases/1757268901873000","version":{"name":"projects/299508835714/sites/discountmartapp-cc4bf/versions/87956b2b4bb73478","status":"FINALIZED","config":{"rewrites":[{"glob":"**","path":"/index.html"}]},"labels":{"deployment-tool":"cli-firebase"},"createTime":"2025-09-07T18:14:55.672161Z","createUser":{"email":"mugabetrinity@gmail.com","imageUrl":"https://lh3.googleusercontent.com/a/ACg8ocJUU-YkeYdEq4ZwWtKBC4WpLsH4qG5JCMtD246-mRW5cshwMw=mo"},"finalizeTime":"2025-09-07T18:15:01.883428Z","finalizeUser":{"email":"mugabetrinity@gmail.com","imageUrl":"https://lh3.googleusercontent.com/a/ACg8ocJUU-YkeYdEq4ZwWtKBC4WpLsH4qG5JCMtD246-mRW5cshwMw=mo"}},"type":"DEPLOY","releaseTime":"2025-09-07T18:15:01.873Z","releaseUser":{"email":"mugabetrinity@gmail.com","imageUrl":"https://lh3.googleusercontent.com/a/ACg8ocJUU-YkeYdEq4ZwWtKBC4WpLsH4qG5JCMtD246-mRW5cshwMw=mo"}}
[debug] [2025-09-07T18:15:02.949Z] [hosting] release: {"name":"projects/299508835714/sites/discountmartapp-cc4bf/channels/live/releases/1757268901873000","version":{"name":"projects/299508835714/sites/discountmartapp-cc4bf/versions/87956b2b4bb73478","status":"FINALIZED","config":{"rewrites":[{"glob":"**","path":"/index.html"}]},"labels":{"deployment-tool":"cli-firebase"},"createTime":"2025-09-07T18:14:55.672161Z","createUser":{"email":"mugabetrinity@gmail.com","imageUrl":"https://lh3.googleusercontent.com/a/ACg8ocJUU-YkeYdEq4ZwWtKBC4WpLsH4qG5JCMtD246-mRW5cshwMw=mo"},"finalizeTime":"2025-09-07T18:15:01.883428Z","finalizeUser":{"email":"mugabetrinity@gmail.com","imageUrl":"https://lh3.googleusercontent.com/a/ACg8ocJUU-YkeYdEq4ZwWtKBC4WpLsH4qG5JCMtD246-mRW5cshwMw=mo"}},"type":"DEPLOY","releaseTime":"2025-09-07T18:15:01.873Z","releaseUser":{"email":"mugabetrinity@gmail.com","imageUrl":"https://lh3.googleusercontent.com/a/ACg8ocJUU-YkeYdEq4ZwWtKBC4WpLsH4qG5JCMtD246-mRW5cshwMw=mo"}}
[info] ✔  hosting[discountmartapp-cc4bf]: release complete 
[info] 
[info] ✔  Deploy complete! 
[info] 
[info] Project Console: https://console.firebase.google.com/project/discountmartapp-cc4bf/overview
[info] Hosting URL: https://discountmartapp-cc4bf.web.app
[debug] [2025-09-07T18:24:01.651Z] ----------------------------------------------------------------------
[debug] [2025-09-07T18:24:01.654Z] Command:       /home/trinity/.nvm/versions/node/v22.15.0/bin/node /mnt/c/Users/HELLO HOME TECH/AppData/Roaming/npm/node_modules/firebase-tools/lib/bin/firebase.js deploy --only hosting
[debug] [2025-09-07T18:24:01.654Z] CLI Version:   14.15.1
[debug] [2025-09-07T18:24:01.654Z] Platform:      linux
[debug] [2025-09-07T18:24:01.655Z] Node Version:  v22.15.0
[debug] [2025-09-07T18:24:01.655Z] Time:          Sun Sep 07 2025 20:24:01 GMT+0200 (South Africa Standard Time)
[debug] [2025-09-07T18:24:01.655Z] ----------------------------------------------------------------------
[debug] 
[debug] [2025-09-07T18:24:02.030Z] > command requires scopes: ["email","openid","https://www.googleapis.com/auth/cloudplatformprojects.readonly","https://www.googleapis.com/auth/firebase","https://www.googleapis.com/auth/cloud-platform"]
[debug] [2025-09-07T18:24:02.032Z] > authorizing via signed-in user (mugabetrinity@gmail.com)
[debug] [2025-09-07T18:24:02.033Z] [iam] checking project discountmartapp-cc4bf for permissions ["firebase.projects.get","firebasehosting.sites.update"]
[debug] [2025-09-07T18:24:02.035Z] Checked if tokens are valid: true, expires at: 1757272289085
[debug] [2025-09-07T18:24:02.035Z] Checked if tokens are valid: true, expires at: 1757272289085
[debug] [2025-09-07T18:24:02.037Z] >>> [apiv2][query] POST https://cloudresourcemanager.googleapis.com/v1/projects/discountmartapp-cc4bf:testIamPermissions [none]
[debug] [2025-09-07T18:24:02.037Z] >>> [apiv2][(partial)header] POST https://cloudresourcemanager.googleapis.com/v1/projects/discountmartapp-cc4bf:testIamPermissions x-goog-quota-user=projects/discountmartapp-cc4bf
[debug] [2025-09-07T18:24:02.037Z] >>> [apiv2][body] POST https://cloudresourcemanager.googleapis.com/v1/projects/discountmartapp-cc4bf:testIamPermissions {"permissions":["firebase.projects.get","firebasehosting.sites.update"]}
[debug] [2025-09-07T18:24:04.411Z] <<< [apiv2][status] POST https://cloudresourcemanager.googleapis.com/v1/projects/discountmartapp-cc4bf:testIamPermissions 200
[debug] [2025-09-07T18:24:04.412Z] <<< [apiv2][body] POST https://cloudresourcemanager.googleapis.com/v1/projects/discountmartapp-cc4bf:testIamPermissions {"permissions":["firebase.projects.get","firebasehosting.sites.update"]}
[debug] [2025-09-07T18:24:04.413Z] Checked if tokens are valid: true, expires at: 1757272289085
[debug] [2025-09-07T18:24:04.414Z] Checked if tokens are valid: true, expires at: 1757272289085
[debug] [2025-09-07T18:24:04.415Z] >>> [apiv2][query] GET https://firebase.googleapis.com/v1beta1/projects/discountmartapp-cc4bf [none]
[debug] [2025-09-07T18:24:05.410Z] <<< [apiv2][status] GET https://firebase.googleapis.com/v1beta1/projects/discountmartapp-cc4bf 200
[debug] [2025-09-07T18:24:05.412Z] <<< [apiv2][body] GET https://firebase.googleapis.com/v1beta1/projects/discountmartapp-cc4bf {"projectId":"discountmartapp-cc4bf","projectNumber":"299508835714","displayName":"Discountmartapp","name":"projects/discountmartapp-cc4bf","resources":{"hostingSite":"discountmartapp-cc4bf"},"state":"ACTIVE","etag":"1_96e23c05-27f2-4f53-8220-ab7f7db49172"}
[info] 
[info] === Deploying to 'discountmartapp-cc4bf'...
[info] 
[info] i  deploying hosting 
[debug] [2025-09-07T18:24:05.441Z] Checked if tokens are valid: true, expires at: 1757272289085
[debug] [2025-09-07T18:24:05.442Z] Checked if tokens are valid: true, expires at: 1757272289085
[debug] [2025-09-07T18:24:05.443Z] >>> [apiv2][query] POST https://firebasehosting.googleapis.com/v1beta1/projects/-/sites/discountmartapp-cc4bf/versions [none]
[debug] [2025-09-07T18:24:05.443Z] >>> [apiv2][body] POST https://firebasehosting.googleapis.com/v1beta1/projects/-/sites/discountmartapp-cc4bf/versions {"status":"CREATED","labels":{"deployment-tool":"cli-firebase"}}
[debug] [2025-09-07T18:24:07.906Z] <<< [apiv2][status] POST https://firebasehosting.googleapis.com/v1beta1/projects/-/sites/discountmartapp-cc4bf/versions 200
[debug] [2025-09-07T18:24:07.907Z] <<< [apiv2][body] POST https://firebasehosting.googleapis.com/v1beta1/projects/-/sites/discountmartapp-cc4bf/versions {"name":"projects/299508835714/sites/discountmartapp-cc4bf/versions/b59d43f7f496e487","status":"CREATED","config":{},"labels":{"deployment-tool":"cli-firebase"}}
[info] i  hosting[discountmartapp-cc4bf]: beginning deploy... 
[info] i  hosting[discountmartapp-cc4bf]: found 25 files in client/dist 
[debug] [2025-09-07T18:24:08.018Z] [hosting] uploading with 200 concurrency
[debug] [2025-09-07T18:24:08.190Z] Checked if tokens are valid: true, expires at: 1757272289085
[debug] [2025-09-07T18:24:08.190Z] Checked if tokens are valid: true, expires at: 1757272289085
[debug] [2025-09-07T18:24:08.191Z] [hosting] hash cache [Y2xpZW50L2Rpc3Q] stored for 25 files
[debug] [2025-09-07T18:24:08.191Z] [hosting][hash queue][FINAL] {"max":164,"min":23,"avg":42.32000000000001,"active":0,"complete":25,"success":25,"errored":0,"retried":0,"total":25,"elapsed":171}
[debug] [2025-09-07T18:24:08.192Z] >>> [apiv2][query] POST https://firebasehosting.googleapis.com/v1beta1/projects/299508835714/sites/discountmartapp-cc4bf/versions/b59d43f7f496e487:populateFiles [none]
[debug] [2025-09-07T18:24:08.192Z] >>> [apiv2][body] POST https://firebasehosting.googleapis.com/v1beta1/projects/299508835714/sites/discountmartapp-cc4bf/versions/b59d43f7f496e487:populateFiles {"files":{"/index.html":"cd74d02cf562c64d2885fe82971fe0129c6887acd2a8e28c8cc633f9a7427074","/favicon.ico":"6cfcbbc1f61a55dbfadf4b957399d3eaf3bfdb16eb65ed43560a82dde3bd685f","/assets/inter-vietnamese-400-normal-DMkecbls.woff2":"617acac0f9f159d07c67da6c466793a21daf4f32130cfd8ac1a1c3806593130c","/assets/inter-vietnamese-400-normal-Bbgyi5SW.woff":"4b45392576cd2d9e2cb78e5db018ca320eeb6c9e23dd48363fdd43e5291d1eae","/assets/inter-greek-ext-400-normal-Bput3-QP.woff2":"6c7de200f85dbd7a4a64e5b42637f01309b86b7939766e84659c49f0392b03b7","/assets/inter-greek-ext-400-normal-XIH6-K3k.woff":"9610226e86dd1d71f9ae53468e651710b38736d2eb793408a33178a54228b567","/assets/inter-greek-400-normal-DxZsaF_h.woff2":"27ae8518183abc0f153c101f391231d3b208edc515f81e4fe68dc9c5c9dd492c","/assets/inter-greek-400-normal-C3I71FoW.woff":"bae4c34c5390bf0efeaa1ff2a3002112678d58fd9b860366cfc98510e7598410","/assets/inter-cyrillic-400-normal-BLGc9T1a.woff2":"93c0a460df1463390e0b91c9830159289e936a846619bead958f747905564590","/assets/inter-cyrillic-ext-400-normal-BE2fNs0E.woff":"8726f7caaf62acc5c5eeb2926b3e37022f915aec9d0d673c9e5614f2856411e1","/assets/inter-cyrillic-400-normal-alAqRL36.woff":"9624c7b1e4bd5afc6f440b711168f185072a52cd67473feda8fd427b82ab0630","/assets/inter-cyrillic-ext-400-normal-Dc4VJyIJ.woff2":"e647d165aaac30fad23d81448d3d35baa3fde09950e56dd3bc3022f452211bc5","/assets/Home-AEjRUvS0.js.map":"16724437dfb91d0b8561041af2b1649bc85914b5b0a57fd7cde33aa8c6da3125","/assets/Home-AEjRUvS0.js":"4e95c2fe4665d2089c7f894b719b3aa541279f27c7fd76ea8dabf583c06c7f11","/assets/inter-latin-400-normal-CyCys3Eg.woff":"e3ea31c6962193220d3b204a3941daf16dd8a2962b8d0b4760469561a1973adc","/assets/inter-latin-400-normal-C38fXH4l.woff2":"0f915fe00a484b988ba7715a6aaa135d77516aad4a4c2d251530084e49c855c5","/assets/index-PTl7nseo.css":"8190060078b7ea9dcad57dfa7856b09023776cc18368988ac8b9efd1971ba1d9","/assets/inter-latin-ext-400-normal-C1nco2VV.woff2":"60882d09041aabcb2122e88ebd3158774b93998f6c5731cafeeddd9f26a080da","/assets/inter-latin-ext-400-normal-77YHD8bZ.woff":"fa3f4d97f73f7a6b5be50f01a6b07f274e090ae0e3a9e96987f852c0768bf516","/assets/Checkout-E9z_8ImT.js":"0c9ec266a14fb63c16457053d1cb4134e7e9eca2aaaacb2320bab30ab3987d83","/assets/vendor-DYYwmgDU.js":"7476c95ba284f5e107c30b014732fdb3a755dc6afe16e67e4496fffe1f46995a","/assets/index-z4ewP5F_.js":"87ac0d1770793367516513d98b2c3e943fe085827e706cecfa436b9e1a141baf","/assets/Checkout-E9z_8ImT.js.map":"730435970bbfc7663c5abad66409a33550371ce8a35fd2cf761ab1441d72daff","/assets/vendor-DYYwmgDU.js.map":"6d2d3b0579835af3d714f06f8996e510d43e4d0ef0f100cf9b50687d33a63480","/assets/index-z4ewP5F_.js.map":"c6d4251c3382867f5be94f36a3afbc1e9f4da5dafc677deb479274e287047c21"}}
[debug] [2025-09-07T18:24:08.877Z] <<< [apiv2][status] POST https://firebasehosting.googleapis.com/v1beta1/projects/299508835714/sites/discountmartapp-cc4bf/versions/b59d43f7f496e487:populateFiles 200
[debug] [2025-09-07T18:24:08.878Z] <<< [apiv2][body] POST https://firebasehosting.googleapis.com/v1beta1/projects/299508835714/sites/discountmartapp-cc4bf/versions/b59d43f7f496e487:populateFiles {"uploadRequiredHashes":["0c9ec266a14fb63c16457053d1cb4134e7e9eca2aaaacb2320bab30ab3987d83","4e95c2fe4665d2089c7f894b719b3aa541279f27c7fd76ea8dabf583c06c7f11","16724437dfb91d0b8561041af2b1649bc85914b5b0a57fd7cde33aa8c6da3125","c6d4251c3382867f5be94f36a3afbc1e9f4da5dafc677deb479274e287047c21","cd74d02cf562c64d2885fe82971fe0129c6887acd2a8e28c8cc633f9a7427074","87ac0d1770793367516513d98b2c3e943fe085827e706cecfa436b9e1a141baf","730435970bbfc7663c5abad66409a33550371ce8a35fd2cf761ab1441d72daff","8190060078b7ea9dcad57dfa7856b09023776cc18368988ac8b9efd1971ba1d9"],"uploadUrl":"https://upload-firebasehosting.googleapis.com/upload/sites/discountmartapp-cc4bf/versions/b59d43f7f496e487/files"}
[debug] [2025-09-07T18:24:08.882Z] Checked if tokens are valid: true, expires at: 1757272289085
[debug] [2025-09-07T18:24:08.883Z] Checked if tokens are valid: true, expires at: 1757272289085
[debug] [2025-09-07T18:24:08.884Z] Checked if tokens are valid: true, expires at: 1757272289085
[debug] [2025-09-07T18:24:08.884Z] Checked if tokens are valid: true, expires at: 1757272289085
[debug] [2025-09-07T18:24:08.885Z] Checked if tokens are valid: true, expires at: 1757272289085
[debug] [2025-09-07T18:24:08.885Z] Checked if tokens are valid: true, expires at: 1757272289085
[debug] [2025-09-07T18:24:08.886Z] Checked if tokens are valid: true, expires at: 1757272289085
[debug] [2025-09-07T18:24:08.886Z] Checked if tokens are valid: true, expires at: 1757272289085
[debug] [2025-09-07T18:24:08.887Z] Checked if tokens are valid: true, expires at: 1757272289085
[debug] [2025-09-07T18:24:08.888Z] Checked if tokens are valid: true, expires at: 1757272289085
[debug] [2025-09-07T18:24:08.889Z] Checked if tokens are valid: true, expires at: 1757272289085
[debug] [2025-09-07T18:24:08.890Z] Checked if tokens are valid: true, expires at: 1757272289085
[debug] [2025-09-07T18:24:08.891Z] Checked if tokens are valid: true, expires at: 1757272289085
[debug] [2025-09-07T18:24:08.891Z] Checked if tokens are valid: true, expires at: 1757272289085
[debug] [2025-09-07T18:24:08.892Z] Checked if tokens are valid: true, expires at: 1757272289085
[debug] [2025-09-07T18:24:08.893Z] Checked if tokens are valid: true, expires at: 1757272289085
[debug] [2025-09-07T18:24:08.893Z] >>> [apiv2][query] POST https://upload-firebasehosting.googleapis.com/upload/sites/discountmartapp-cc4bf/versions/b59d43f7f496e487/files/0c9ec266a14fb63c16457053d1cb4134e7e9eca2aaaacb2320bab30ab3987d83 [none]
[debug] [2025-09-07T18:24:08.894Z] >>> [apiv2][body] POST https://upload-firebasehosting.googleapis.com/upload/sites/discountmartapp-cc4bf/versions/b59d43f7f496e487/files/0c9ec266a14fb63c16457053d1cb4134e7e9eca2aaaacb2320bab30ab3987d83 [stream]
[debug] [2025-09-07T18:24:08.896Z] >>> [apiv2][query] POST https://upload-firebasehosting.googleapis.com/upload/sites/discountmartapp-cc4bf/versions/b59d43f7f496e487/files/4e95c2fe4665d2089c7f894b719b3aa541279f27c7fd76ea8dabf583c06c7f11 [none]
[debug] [2025-09-07T18:24:08.897Z] >>> [apiv2][body] POST https://upload-firebasehosting.googleapis.com/upload/sites/discountmartapp-cc4bf/versions/b59d43f7f496e487/files/4e95c2fe4665d2089c7f894b719b3aa541279f27c7fd76ea8dabf583c06c7f11 [stream]
[debug] [2025-09-07T18:24:08.900Z] >>> [apiv2][query] POST https://upload-firebasehosting.googleapis.com/upload/sites/discountmartapp-cc4bf/versions/b59d43f7f496e487/files/16724437dfb91d0b8561041af2b1649bc85914b5b0a57fd7cde33aa8c6da3125 [none]
[debug] [2025-09-07T18:24:08.900Z] >>> [apiv2][body] POST https://upload-firebasehosting.googleapis.com/upload/sites/discountmartapp-cc4bf/versions/b59d43f7f496e487/files/16724437dfb91d0b8561041af2b1649bc85914b5b0a57fd7cde33aa8c6da3125 [stream]
[debug] [2025-09-07T18:24:08.902Z] >>> [apiv2][query] POST https://upload-firebasehosting.googleapis.com/upload/sites/discountmartapp-cc4bf/versions/b59d43f7f496e487/files/c6d4251c3382867f5be94f36a3afbc1e9f4da5dafc677deb479274e287047c21 [none]
[debug] [2025-09-07T18:24:08.903Z] >>> [apiv2][body] POST https://upload-firebasehosting.googleapis.com/upload/sites/discountmartapp-cc4bf/versions/b59d43f7f496e487/files/c6d4251c3382867f5be94f36a3afbc1e9f4da5dafc677deb479274e287047c21 [stream]
[debug] [2025-09-07T18:24:08.906Z] >>> [apiv2][query] POST https://upload-firebasehosting.googleapis.com/upload/sites/discountmartapp-cc4bf/versions/b59d43f7f496e487/files/cd74d02cf562c64d2885fe82971fe0129c6887acd2a8e28c8cc633f9a7427074 [none]
[debug] [2025-09-07T18:24:08.907Z] >>> [apiv2][body] POST https://upload-firebasehosting.googleapis.com/upload/sites/discountmartapp-cc4bf/versions/b59d43f7f496e487/files/cd74d02cf562c64d2885fe82971fe0129c6887acd2a8e28c8cc633f9a7427074 [stream]
[debug] [2025-09-07T18:24:08.910Z] >>> [apiv2][query] POST https://upload-firebasehosting.googleapis.com/upload/sites/discountmartapp-cc4bf/versions/b59d43f7f496e487/files/87ac0d1770793367516513d98b2c3e943fe085827e706cecfa436b9e1a141baf [none]
[debug] [2025-09-07T18:24:08.910Z] >>> [apiv2][body] POST https://upload-firebasehosting.googleapis.com/upload/sites/discountmartapp-cc4bf/versions/b59d43f7f496e487/files/87ac0d1770793367516513d98b2c3e943fe085827e706cecfa436b9e1a141baf [stream]
[debug] [2025-09-07T18:24:08.912Z] >>> [apiv2][query] POST https://upload-firebasehosting.googleapis.com/upload/sites/discountmartapp-cc4bf/versions/b59d43f7f496e487/files/730435970bbfc7663c5abad66409a33550371ce8a35fd2cf761ab1441d72daff [none]
[debug] [2025-09-07T18:24:08.912Z] >>> [apiv2][body] POST https://upload-firebasehosting.googleapis.com/upload/sites/discountmartapp-cc4bf/versions/b59d43f7f496e487/files/730435970bbfc7663c5abad66409a33550371ce8a35fd2cf761ab1441d72daff [stream]
[debug] [2025-09-07T18:24:08.914Z] >>> [apiv2][query] POST https://upload-firebasehosting.googleapis.com/upload/sites/discountmartapp-cc4bf/versions/b59d43f7f496e487/files/8190060078b7ea9dcad57dfa7856b09023776cc18368988ac8b9efd1971ba1d9 [none]
[debug] [2025-09-07T18:24:08.914Z] >>> [apiv2][body] POST https://upload-firebasehosting.googleapis.com/upload/sites/discountmartapp-cc4bf/versions/b59d43f7f496e487/files/8190060078b7ea9dcad57dfa7856b09023776cc18368988ac8b9efd1971ba1d9 [stream]
[debug] [2025-09-07T18:24:08.916Z] [hosting][populate queue][FINAL] {"max":704,"min":704,"avg":704,"active":0,"complete":1,"success":1,"errored":0,"retried":0,"total":1,"elapsed":727}
[debug] [2025-09-07T18:24:08.916Z] [hosting] uploads queued: 8
[info] i  hosting: uploading new files [0/8] (0%) 
[debug] [2025-09-07T18:24:11.010Z] <<< [apiv2][status] POST https://upload-firebasehosting.googleapis.com/upload/sites/discountmartapp-cc4bf/versions/b59d43f7f496e487/files/cd74d02cf562c64d2885fe82971fe0129c6887acd2a8e28c8cc633f9a7427074 200
[debug] [2025-09-07T18:24:11.011Z] <<< [apiv2][body] POST https://upload-firebasehosting.googleapis.com/upload/sites/discountmartapp-cc4bf/versions/b59d43f7f496e487/files/cd74d02cf562c64d2885fe82971fe0129c6887acd2a8e28c8cc633f9a7427074 [stream]
[debug] [2025-09-07T18:24:11.031Z] <<< [apiv2][status] POST https://upload-firebasehosting.googleapis.com/upload/sites/discountmartapp-cc4bf/versions/b59d43f7f496e487/files/16724437dfb91d0b8561041af2b1649bc85914b5b0a57fd7cde33aa8c6da3125 200
[debug] [2025-09-07T18:24:11.033Z] <<< [apiv2][body] POST https://upload-firebasehosting.googleapis.com/upload/sites/discountmartapp-cc4bf/versions/b59d43f7f496e487/files/16724437dfb91d0b8561041af2b1649bc85914b5b0a57fd7cde33aa8c6da3125 [stream]
[debug] [2025-09-07T18:24:11.052Z] <<< [apiv2][status] POST https://upload-firebasehosting.googleapis.com/upload/sites/discountmartapp-cc4bf/versions/b59d43f7f496e487/files/0c9ec266a14fb63c16457053d1cb4134e7e9eca2aaaacb2320bab30ab3987d83 200
[debug] [2025-09-07T18:24:11.053Z] <<< [apiv2][body] POST https://upload-firebasehosting.googleapis.com/upload/sites/discountmartapp-cc4bf/versions/b59d43f7f496e487/files/0c9ec266a14fb63c16457053d1cb4134e7e9eca2aaaacb2320bab30ab3987d83 [stream]
[debug] [2025-09-07T18:24:11.208Z] <<< [apiv2][status] POST https://upload-firebasehosting.googleapis.com/upload/sites/discountmartapp-cc4bf/versions/b59d43f7f496e487/files/87ac0d1770793367516513d98b2c3e943fe085827e706cecfa436b9e1a141baf 200
[debug] [2025-09-07T18:24:11.209Z] <<< [apiv2][body] POST https://upload-firebasehosting.googleapis.com/upload/sites/discountmartapp-cc4bf/versions/b59d43f7f496e487/files/87ac0d1770793367516513d98b2c3e943fe085827e706cecfa436b9e1a141baf [stream]
[debug] [2025-09-07T18:24:11.345Z] <<< [apiv2][status] POST https://upload-firebasehosting.googleapis.com/upload/sites/discountmartapp-cc4bf/versions/b59d43f7f496e487/files/4e95c2fe4665d2089c7f894b719b3aa541279f27c7fd76ea8dabf583c06c7f11 200
[debug] [2025-09-07T18:24:11.346Z] <<< [apiv2][body] POST https://upload-firebasehosting.googleapis.com/upload/sites/discountmartapp-cc4bf/versions/b59d43f7f496e487/files/4e95c2fe4665d2089c7f894b719b3aa541279f27c7fd76ea8dabf583c06c7f11 [stream]
[debug] [2025-09-07T18:24:11.481Z] <<< [apiv2][status] POST https://upload-firebasehosting.googleapis.com/upload/sites/discountmartapp-cc4bf/versions/b59d43f7f496e487/files/8190060078b7ea9dcad57dfa7856b09023776cc18368988ac8b9efd1971ba1d9 200
[debug] [2025-09-07T18:24:11.482Z] <<< [apiv2][body] POST https://upload-firebasehosting.googleapis.com/upload/sites/discountmartapp-cc4bf/versions/b59d43f7f496e487/files/8190060078b7ea9dcad57dfa7856b09023776cc18368988ac8b9efd1971ba1d9 [stream]
[debug] [2025-09-07T18:24:11.534Z] <<< [apiv2][status] POST https://upload-firebasehosting.googleapis.com/upload/sites/discountmartapp-cc4bf/versions/b59d43f7f496e487/files/730435970bbfc7663c5abad66409a33550371ce8a35fd2cf761ab1441d72daff 200
[debug] [2025-09-07T18:24:11.534Z] <<< [apiv2][body] POST https://upload-firebasehosting.googleapis.com/upload/sites/discountmartapp-cc4bf/versions/b59d43f7f496e487/files/730435970bbfc7663c5abad66409a33550371ce8a35fd2cf761ab1441d72daff [stream]
[info] i  hosting: uploading new files [7/8] (87%) 
[debug] [2025-09-07T18:24:12.086Z] <<< [apiv2][status] POST https://upload-firebasehosting.googleapis.com/upload/sites/discountmartapp-cc4bf/versions/b59d43f7f496e487/files/c6d4251c3382867f5be94f36a3afbc1e9f4da5dafc677deb479274e287047c21 200
[debug] [2025-09-07T18:24:12.086Z] <<< [apiv2][body] POST https://upload-firebasehosting.googleapis.com/upload/sites/discountmartapp-cc4bf/versions/b59d43f7f496e487/files/c6d4251c3382867f5be94f36a3afbc1e9f4da5dafc677deb479274e287047c21 [stream]
[debug] [2025-09-07T18:24:12.086Z] [hosting][upload queue][FINAL] {"max":3200,"min":2125,"avg":2458.75,"active":0,"complete":8,"success":8,"errored":0,"retried":0,"total":8,"elapsed":3207}
[info] i  hosting: upload complete 
[info] ✔  hosting[discountmartapp-cc4bf]: file upload complete 
[debug] [2025-09-07T18:24:12.087Z] [hosting] deploy completed after 4110ms
[debug] [2025-09-07T18:24:12.088Z] [
  {
    "config": {
      "public": "client/dist",
      "ignore": [
        "firebase.json",
        "**/.*",
        "**/node_modules/**"
      ],
      "rewrites": [
        {
          "source": "**",
          "destination": "/index.html"
        }
      ],
      "site": "discountmartapp-cc4bf"
    },
    "version": "projects/299508835714/sites/discountmartapp-cc4bf/versions/b59d43f7f496e487"
  }
]
[info] i  hosting[discountmartapp-cc4bf]: finalizing version... 
[debug] [2025-09-07T18:24:12.092Z] Checked if tokens are valid: true, expires at: 1757272289085
[debug] [2025-09-07T18:24:12.092Z] Checked if tokens are valid: true, expires at: 1757272289085
[debug] [2025-09-07T18:24:12.093Z] >>> [apiv2][query] PATCH https://firebasehosting.googleapis.com/v1beta1/projects/-/sites/discountmartapp-cc4bf/versions/b59d43f7f496e487 updateMask=status%2Cconfig
[debug] [2025-09-07T18:24:12.093Z] >>> [apiv2][body] PATCH https://firebasehosting.googleapis.com/v1beta1/projects/-/sites/discountmartapp-cc4bf/versions/b59d43f7f496e487 {"status":"FINALIZED","config":{"rewrites":[{"glob":"**","path":"/index.html"}]}}
[debug] [2025-09-07T18:24:13.052Z] <<< [apiv2][status] PATCH https://firebasehosting.googleapis.com/v1beta1/projects/-/sites/discountmartapp-cc4bf/versions/b59d43f7f496e487 200
[debug] [2025-09-07T18:24:13.052Z] <<< [apiv2][body] PATCH https://firebasehosting.googleapis.com/v1beta1/projects/-/sites/discountmartapp-cc4bf/versions/b59d43f7f496e487 {"name":"projects/299508835714/sites/discountmartapp-cc4bf/versions/b59d43f7f496e487","status":"FINALIZED","config":{"rewrites":[{"glob":"**","path":"/index.html"}]},"labels":{"deployment-tool":"cli-firebase"},"createTime":"2025-09-07T18:24:07.256496Z","createUser":{"email":"mugabetrinity@gmail.com"},"finalizeTime":"2025-09-07T18:24:12.228706Z","finalizeUser":{"email":"mugabetrinity@gmail.com"}}
[debug] [2025-09-07T18:24:13.052Z] [hosting] finalized version for discountmartapp-cc4bf:[object Object]
[info] ✔  hosting[discountmartapp-cc4bf]: version finalized 
[info] i  hosting[discountmartapp-cc4bf]: releasing new version... 
[debug] [2025-09-07T18:24:13.053Z] Checked if tokens are valid: true, expires at: 1757272289085
[debug] [2025-09-07T18:24:13.054Z] Checked if tokens are valid: true, expires at: 1757272289085
[debug] [2025-09-07T18:24:13.054Z] >>> [apiv2][query] POST https://firebasehosting.googleapis.com/v1beta1/projects/-/sites/discountmartapp-cc4bf/channels/live/releases versionName=projects%2F299508835714%2Fsites%2Fdiscountmartapp-cc4bf%2Fversions%2Fb59d43f7f496e487
[debug] [2025-09-07T18:24:13.054Z] >>> [apiv2][body] POST https://firebasehosting.googleapis.com/v1beta1/projects/-/sites/discountmartapp-cc4bf/channels/live/releases {}
[debug] [2025-09-07T18:24:13.671Z] <<< [apiv2][status] POST https://firebasehosting.googleapis.com/v1beta1/projects/-/sites/discountmartapp-cc4bf/channels/live/releases 200
[debug] [2025-09-07T18:24:13.672Z] <<< [apiv2][body] POST https://firebasehosting.googleapis.com/v1beta1/projects/-/sites/discountmartapp-cc4bf/channels/live/releases {"name":"projects/299508835714/sites/discountmartapp-cc4bf/channels/live/releases/1757269452702000","version":{"name":"projects/299508835714/sites/discountmartapp-cc4bf/versions/b59d43f7f496e487","status":"FINALIZED","config":{"rewrites":[{"glob":"**","path":"/index.html"}]},"labels":{"deployment-tool":"cli-firebase"},"createTime":"2025-09-07T18:24:07.256496Z","createUser":{"email":"mugabetrinity@gmail.com","imageUrl":"https://lh3.googleusercontent.com/a/ACg8ocJUU-YkeYdEq4ZwWtKBC4WpLsH4qG5JCMtD246-mRW5cshwMw=mo"},"finalizeTime":"2025-09-07T18:24:12.228706Z","finalizeUser":{"email":"mugabetrinity@gmail.com","imageUrl":"https://lh3.googleusercontent.com/a/ACg8ocJUU-YkeYdEq4ZwWtKBC4WpLsH4qG5JCMtD246-mRW5cshwMw=mo"}},"type":"DEPLOY","releaseTime":"2025-09-07T18:24:12.702Z","releaseUser":{"email":"mugabetrinity@gmail.com","imageUrl":"https://lh3.googleusercontent.com/a/ACg8ocJUU-YkeYdEq4ZwWtKBC4WpLsH4qG5JCMtD246-mRW5cshwMw=mo"}}
[debug] [2025-09-07T18:24:13.672Z] [hosting] release: {"name":"projects/299508835714/sites/discountmartapp-cc4bf/channels/live/releases/1757269452702000","version":{"name":"projects/299508835714/sites/discountmartapp-cc4bf/versions/b59d43f7f496e487","status":"FINALIZED","config":{"rewrites":[{"glob":"**","path":"/index.html"}]},"labels":{"deployment-tool":"cli-firebase"},"createTime":"2025-09-07T18:24:07.256496Z","createUser":{"email":"mugabetrinity@gmail.com","imageUrl":"https://lh3.googleusercontent.com/a/ACg8ocJUU-YkeYdEq4ZwWtKBC4WpLsH4qG5JCMtD246-mRW5cshwMw=mo"},"finalizeTime":"2025-09-07T18:24:12.228706Z","finalizeUser":{"email":"mugabetrinity@gmail.com","imageUrl":"https://lh3.googleusercontent.com/a/ACg8ocJUU-YkeYdEq4ZwWtKBC4WpLsH4qG5JCMtD246-mRW5cshwMw=mo"}},"type":"DEPLOY","releaseTime":"2025-09-07T18:24:12.702Z","releaseUser":{"email":"mugabetrinity@gmail.com","imageUrl":"https://lh3.googleusercontent.com/a/ACg8ocJUU-YkeYdEq4ZwWtKBC4WpLsH4qG5JCMtD246-mRW5cshwMw=mo"}}
[info] ✔  hosting[discountmartapp-cc4bf]: release complete 
[info] 
[info] ✔  Deploy complete! 
[info] 
[info] Project Console: https://console.firebase.google.com/project/discountmartapp-cc4bf/overview
[info] Hosting URL: https://discountmartapp-cc4bf.web.app
[debug] [2025-09-07T18:38:27.426Z] ----------------------------------------------------------------------
[debug] [2025-09-07T18:38:27.429Z] Command:       /home/trinity/.nvm/versions/node/v22.15.0/bin/node /mnt/c/Users/HELLO HOME TECH/AppData/Roaming/npm/node_modules/firebase-tools/lib/bin/firebase.js deploy --only hosting
[debug] [2025-09-07T18:38:27.430Z] CLI Version:   14.15.1
[debug] [2025-09-07T18:38:27.430Z] Platform:      linux
[debug] [2025-09-07T18:38:27.430Z] Node Version:  v22.15.0
[debug] [2025-09-07T18:38:27.430Z] Time:          Sun Sep 07 2025 20:38:27 GMT+0200 (South Africa Standard Time)
[debug] [2025-09-07T18:38:27.430Z] ----------------------------------------------------------------------
[debug] 
[debug] [2025-09-07T18:38:27.742Z] > command requires scopes: ["email","openid","https://www.googleapis.com/auth/cloudplatformprojects.readonly","https://www.googleapis.com/auth/firebase","https://www.googleapis.com/auth/cloud-platform"]
[debug] [2025-09-07T18:38:27.743Z] > authorizing via signed-in user (mugabetrinity@gmail.com)
[debug] [2025-09-07T18:38:27.744Z] [iam] checking project discountmartapp-cc4bf for permissions ["firebase.projects.get","firebasehosting.sites.update"]
[debug] [2025-09-07T18:38:27.745Z] Checked if tokens are valid: true, expires at: 1757272289085
[debug] [2025-09-07T18:38:27.745Z] Checked if tokens are valid: true, expires at: 1757272289085
[debug] [2025-09-07T18:38:27.746Z] >>> [apiv2][query] POST https://cloudresourcemanager.googleapis.com/v1/projects/discountmartapp-cc4bf:testIamPermissions [none]
[debug] [2025-09-07T18:38:27.747Z] >>> [apiv2][(partial)header] POST https://cloudresourcemanager.googleapis.com/v1/projects/discountmartapp-cc4bf:testIamPermissions x-goog-quota-user=projects/discountmartapp-cc4bf
[debug] [2025-09-07T18:38:27.747Z] >>> [apiv2][body] POST https://cloudresourcemanager.googleapis.com/v1/projects/discountmartapp-cc4bf:testIamPermissions {"permissions":["firebase.projects.get","firebasehosting.sites.update"]}
[debug] [2025-09-07T18:38:30.094Z] <<< [apiv2][status] POST https://cloudresourcemanager.googleapis.com/v1/projects/discountmartapp-cc4bf:testIamPermissions 200
[debug] [2025-09-07T18:38:30.095Z] <<< [apiv2][body] POST https://cloudresourcemanager.googleapis.com/v1/projects/discountmartapp-cc4bf:testIamPermissions {"permissions":["firebase.projects.get","firebasehosting.sites.update"]}
[debug] [2025-09-07T18:38:30.096Z] Checked if tokens are valid: true, expires at: 1757272289085
[debug] [2025-09-07T18:38:30.097Z] Checked if tokens are valid: true, expires at: 1757272289085
[debug] [2025-09-07T18:38:30.097Z] >>> [apiv2][query] GET https://firebase.googleapis.com/v1beta1/projects/discountmartapp-cc4bf [none]
[debug] [2025-09-07T18:38:31.326Z] <<< [apiv2][status] GET https://firebase.googleapis.com/v1beta1/projects/discountmartapp-cc4bf 200
[debug] [2025-09-07T18:38:31.326Z] <<< [apiv2][body] GET https://firebase.googleapis.com/v1beta1/projects/discountmartapp-cc4bf {"projectId":"discountmartapp-cc4bf","projectNumber":"299508835714","displayName":"Discountmartapp","name":"projects/discountmartapp-cc4bf","resources":{"hostingSite":"discountmartapp-cc4bf"},"state":"ACTIVE","etag":"1_96e23c05-27f2-4f53-8220-ab7f7db49172"}
[info] 
[info] === Deploying to 'discountmartapp-cc4bf'...
[info] 
[info] i  deploying hosting 
[debug] [2025-09-07T18:38:31.337Z] Checked if tokens are valid: true, expires at: 1757272289085
[debug] [2025-09-07T18:38:31.337Z] Checked if tokens are valid: true, expires at: 1757272289085
[debug] [2025-09-07T18:38:31.337Z] >>> [apiv2][query] POST https://firebasehosting.googleapis.com/v1beta1/projects/-/sites/discountmartapp-cc4bf/versions [none]
[debug] [2025-09-07T18:38:31.338Z] >>> [apiv2][body] POST https://firebasehosting.googleapis.com/v1beta1/projects/-/sites/discountmartapp-cc4bf/versions {"status":"CREATED","labels":{"deployment-tool":"cli-firebase"}}
[debug] [2025-09-07T18:38:34.239Z] <<< [apiv2][status] POST https://firebasehosting.googleapis.com/v1beta1/projects/-/sites/discountmartapp-cc4bf/versions 200
[debug] [2025-09-07T18:38:34.241Z] <<< [apiv2][body] POST https://firebasehosting.googleapis.com/v1beta1/projects/-/sites/discountmartapp-cc4bf/versions {"name":"projects/299508835714/sites/discountmartapp-cc4bf/versions/716c96999c416fe5","status":"CREATED","config":{},"labels":{"deployment-tool":"cli-firebase"}}
[info] i  hosting[discountmartapp-cc4bf]: beginning deploy... 
[info] i  hosting[discountmartapp-cc4bf]: found 27 files in client/dist 
[debug] [2025-09-07T18:38:34.340Z] [hosting] uploading with 200 concurrency
[debug] [2025-09-07T18:38:34.484Z] Checked if tokens are valid: true, expires at: 1757272289085
[debug] [2025-09-07T18:38:34.484Z] Checked if tokens are valid: true, expires at: 1757272289085
[debug] [2025-09-07T18:38:34.488Z] [hosting] hash cache [Y2xpZW50L2Rpc3Q] stored for 27 files
[debug] [2025-09-07T18:38:34.489Z] [hosting][hash queue][FINAL] {"max":141,"min":31,"avg":43.81481481481482,"active":0,"complete":27,"success":27,"errored":0,"retried":0,"total":27,"elapsed":148}
[debug] [2025-09-07T18:38:34.490Z] >>> [apiv2][query] POST https://firebasehosting.googleapis.com/v1beta1/projects/299508835714/sites/discountmartapp-cc4bf/versions/716c96999c416fe5:populateFiles [none]
[debug] [2025-09-07T18:38:34.490Z] >>> [apiv2][body] POST https://firebasehosting.googleapis.com/v1beta1/projects/299508835714/sites/discountmartapp-cc4bf/versions/716c96999c416fe5:populateFiles {"files":{"/index.html":"945950ca4c4a3f80270a89def7f893db44d945d868b83cafc0244b5026fa3999","/favicon.ico":"6cfcbbc1f61a55dbfadf4b957399d3eaf3bfdb16eb65ed43560a82dde3bd685f","/assets/inter-vietnamese-400-normal-DMkecbls.woff2":"617acac0f9f159d07c67da6c466793a21daf4f32130cfd8ac1a1c3806593130c","/assets/inter-vietnamese-400-normal-Bbgyi5SW.woff":"4b45392576cd2d9e2cb78e5db018ca320eeb6c9e23dd48363fdd43e5291d1eae","/assets/inter-greek-ext-400-normal-XIH6-K3k.woff":"9610226e86dd1d71f9ae53468e651710b38736d2eb793408a33178a54228b567","/assets/inter-greek-ext-400-normal-Bput3-QP.woff2":"6c7de200f85dbd7a4a64e5b42637f01309b86b7939766e84659c49f0392b03b7","/assets/inter-greek-400-normal-DxZsaF_h.woff2":"27ae8518183abc0f153c101f391231d3b208edc515f81e4fe68dc9c5c9dd492c","/assets/inter-cyrillic-400-normal-BLGc9T1a.woff2":"93c0a460df1463390e0b91c9830159289e936a846619bead958f747905564590","/assets/inter-greek-400-normal-C3I71FoW.woff":"bae4c34c5390bf0efeaa1ff2a3002112678d58fd9b860366cfc98510e7598410","/assets/inter-cyrillic-ext-400-normal-Dc4VJyIJ.woff2":"e647d165aaac30fad23d81448d3d35baa3fde09950e56dd3bc3022f452211bc5","/assets/inter-cyrillic-ext-400-normal-BE2fNs0E.woff":"8726f7caaf62acc5c5eeb2926b3e37022f915aec9d0d673c9e5614f2856411e1","/assets/currency-Cm6Rsg5n.js":"ca24956439034e34a00421c8db354f041c46fd917937950e23831ad9d7cabe7c","/assets/inter-cyrillic-400-normal-alAqRL36.woff":"9624c7b1e4bd5afc6f440b711168f185072a52cd67473feda8fd427b82ab0630","/assets/Home-CgWUwxdp.js":"af78f51167d61d501b62bc6d682481528b30332fe1f0267da879c31e44dade23","/assets/inter-latin-400-normal-CyCys3Eg.woff":"e3ea31c6962193220d3b204a3941daf16dd8a2962b8d0b4760469561a1973adc","/assets/inter-latin-400-normal-C38fXH4l.woff2":"0f915fe00a484b988ba7715a6aaa135d77516aad4a4c2d251530084e49c855c5","/assets/index-PTl7nseo.css":"8190060078b7ea9dcad57dfa7856b09023776cc18368988ac8b9efd1971ba1d9","/assets/inter-latin-ext-400-normal-77YHD8bZ.woff":"fa3f4d97f73f7a6b5be50f01a6b07f274e090ae0e3a9e96987f852c0768bf516","/assets/inter-latin-ext-400-normal-C1nco2VV.woff2":"60882d09041aabcb2122e88ebd3158774b93998f6c5731cafeeddd9f26a080da","/assets/Home-CgWUwxdp.js.map":"9b009a8e5bf65302249be93f6e3e1c1895dd2c62c0c855323e780877bb4b3166","/assets/Checkout-DXUnw7Pw.js":"9116eec1f6f1dcfab29c0b6c5956fc11be90540cfc6dad583669786c7dccd516","/assets/index-UPLll7r-.js":"b317a7122082b8904e6ea14b024d3b6b6fb58e7fbe003863304f5ee3a3a02c75","/assets/vendor-B3H1CJK9.js":"79e87ec30960123ab1dfaaa7ec09c5ddc48543c89a1c7956fe28b65c8acce648","/assets/currency-Cm6Rsg5n.js.map":"26592d834b26d289f3cacf3a2c8be73240b67ba346cdc096b9feb19ebace67e9","/assets/Checkout-DXUnw7Pw.js.map":"a5aaff56f235b988dd8a7392d519777b7e3cc44d2b3e90350ad4648581e5e308","/assets/index-UPLll7r-.js.map":"0876dccac3705734e75855a488691c5af63d5da7bc6a463788ed83c1b7991561","/assets/vendor-B3H1CJK9.js.map":"ce36904a90e9631b7066c3f677f3a3c5e3f8ffd55b517b80c43153a95a972f73"}}
[debug] [2025-09-07T18:38:35.145Z] <<< [apiv2][status] POST https://firebasehosting.googleapis.com/v1beta1/projects/299508835714/sites/discountmartapp-cc4bf/versions/716c96999c416fe5:populateFiles 200
[debug] [2025-09-07T18:38:35.145Z] <<< [apiv2][body] POST https://firebasehosting.googleapis.com/v1beta1/projects/299508835714/sites/discountmartapp-cc4bf/versions/716c96999c416fe5:populateFiles {"uploadRequiredHashes":["945950ca4c4a3f80270a89def7f893db44d945d868b83cafc0244b5026fa3999","b317a7122082b8904e6ea14b024d3b6b6fb58e7fbe003863304f5ee3a3a02c75","9116eec1f6f1dcfab29c0b6c5956fc11be90540cfc6dad583669786c7dccd516","0876dccac3705734e75855a488691c5af63d5da7bc6a463788ed83c1b7991561","ce36904a90e9631b7066c3f677f3a3c5e3f8ffd55b517b80c43153a95a972f73","ca24956439034e34a00421c8db354f041c46fd917937950e23831ad9d7cabe7c","79e87ec30960123ab1dfaaa7ec09c5ddc48543c89a1c7956fe28b65c8acce648","26592d834b26d289f3cacf3a2c8be73240b67ba346cdc096b9feb19ebace67e9","af78f51167d61d501b62bc6d682481528b30332fe1f0267da879c31e44dade23","a5aaff56f235b988dd8a7392d519777b7e3cc44d2b3e90350ad4648581e5e308","9b009a8e5bf65302249be93f6e3e1c1895dd2c62c0c855323e780877bb4b3166"],"uploadUrl":"https://upload-firebasehosting.googleapis.com/upload/sites/discountmartapp-cc4bf/versions/716c96999c416fe5/files"}
[debug] [2025-09-07T18:38:35.146Z] Checked if tokens are valid: true, expires at: 1757272289085
[debug] [2025-09-07T18:38:35.146Z] Checked if tokens are valid: true, expires at: 1757272289085
[debug] [2025-09-07T18:38:35.147Z] Checked if tokens are valid: true, expires at: 1757272289085
[debug] [2025-09-07T18:38:35.147Z] Checked if tokens are valid: true, expires at: 1757272289085
[debug] [2025-09-07T18:38:35.147Z] Checked if tokens are valid: true, expires at: 1757272289085
[debug] [2025-09-07T18:38:35.148Z] Checked if tokens are valid: true, expires at: 1757272289085
[debug] [2025-09-07T18:38:35.148Z] Checked if tokens are valid: true, expires at: 1757272289085
[debug] [2025-09-07T18:38:35.148Z] Checked if tokens are valid: true, expires at: 1757272289085
[debug] [2025-09-07T18:38:35.148Z] Checked if tokens are valid: true, expires at: 1757272289085
[debug] [2025-09-07T18:38:35.149Z] Checked if tokens are valid: true, expires at: 1757272289085
[debug] [2025-09-07T18:38:35.149Z] Checked if tokens are valid: true, expires at: 1757272289085
[debug] [2025-09-07T18:38:35.149Z] Checked if tokens are valid: true, expires at: 1757272289085
[debug] [2025-09-07T18:38:35.149Z] Checked if tokens are valid: true, expires at: 1757272289085
[debug] [2025-09-07T18:38:35.149Z] Checked if tokens are valid: true, expires at: 1757272289085
[debug] [2025-09-07T18:38:35.150Z] Checked if tokens are valid: true, expires at: 1757272289085
[debug] [2025-09-07T18:38:35.150Z] Checked if tokens are valid: true, expires at: 1757272289085
[debug] [2025-09-07T18:38:35.150Z] Checked if tokens are valid: true, expires at: 1757272289085
[debug] [2025-09-07T18:38:35.150Z] Checked if tokens are valid: true, expires at: 1757272289085
[debug] [2025-09-07T18:38:35.151Z] Checked if tokens are valid: true, expires at: 1757272289085
[debug] [2025-09-07T18:38:35.151Z] Checked if tokens are valid: true, expires at: 1757272289085
[debug] [2025-09-07T18:38:35.151Z] Checked if tokens are valid: true, expires at: 1757272289085
[debug] [2025-09-07T18:38:35.151Z] Checked if tokens are valid: true, expires at: 1757272289085
[debug] [2025-09-07T18:38:35.152Z] >>> [apiv2][query] POST https://upload-firebasehosting.googleapis.com/upload/sites/discountmartapp-cc4bf/versions/716c96999c416fe5/files/945950ca4c4a3f80270a89def7f893db44d945d868b83cafc0244b5026fa3999 [none]
[debug] [2025-09-07T18:38:35.152Z] >>> [apiv2][body] POST https://upload-firebasehosting.googleapis.com/upload/sites/discountmartapp-cc4bf/versions/716c96999c416fe5/files/945950ca4c4a3f80270a89def7f893db44d945d868b83cafc0244b5026fa3999 [stream]
[debug] [2025-09-07T18:38:35.154Z] >>> [apiv2][query] POST https://upload-firebasehosting.googleapis.com/upload/sites/discountmartapp-cc4bf/versions/716c96999c416fe5/files/b317a7122082b8904e6ea14b024d3b6b6fb58e7fbe003863304f5ee3a3a02c75 [none]
[debug] [2025-09-07T18:38:35.155Z] >>> [apiv2][body] POST https://upload-firebasehosting.googleapis.com/upload/sites/discountmartapp-cc4bf/versions/716c96999c416fe5/files/b317a7122082b8904e6ea14b024d3b6b6fb58e7fbe003863304f5ee3a3a02c75 [stream]
[debug] [2025-09-07T18:38:35.159Z] >>> [apiv2][query] POST https://upload-firebasehosting.googleapis.com/upload/sites/discountmartapp-cc4bf/versions/716c96999c416fe5/files/9116eec1f6f1dcfab29c0b6c5956fc11be90540cfc6dad583669786c7dccd516 [none]
[debug] [2025-09-07T18:38:35.159Z] >>> [apiv2][body] POST https://upload-firebasehosting.googleapis.com/upload/sites/discountmartapp-cc4bf/versions/716c96999c416fe5/files/9116eec1f6f1dcfab29c0b6c5956fc11be90540cfc6dad583669786c7dccd516 [stream]
[debug] [2025-09-07T18:38:35.161Z] >>> [apiv2][query] POST https://upload-firebasehosting.googleapis.com/upload/sites/discountmartapp-cc4bf/versions/716c96999c416fe5/files/0876dccac3705734e75855a488691c5af63d5da7bc6a463788ed83c1b7991561 [none]
[debug] [2025-09-07T18:38:35.161Z] >>> [apiv2][body] POST https://upload-firebasehosting.googleapis.com/upload/sites/discountmartapp-cc4bf/versions/716c96999c416fe5/files/0876dccac3705734e75855a488691c5af63d5da7bc6a463788ed83c1b7991561 [stream]
[debug] [2025-09-07T18:38:35.163Z] >>> [apiv2][query] POST https://upload-firebasehosting.googleapis.com/upload/sites/discountmartapp-cc4bf/versions/716c96999c416fe5/files/ce36904a90e9631b7066c3f677f3a3c5e3f8ffd55b517b80c43153a95a972f73 [none]
[debug] [2025-09-07T18:38:35.163Z] >>> [apiv2][body] POST https://upload-firebasehosting.googleapis.com/upload/sites/discountmartapp-cc4bf/versions/716c96999c416fe5/files/ce36904a90e9631b7066c3f677f3a3c5e3f8ffd55b517b80c43153a95a972f73 [stream]
[debug] [2025-09-07T18:38:35.165Z] >>> [apiv2][query] POST https://upload-firebasehosting.googleapis.com/upload/sites/discountmartapp-cc4bf/versions/716c96999c416fe5/files/ca24956439034e34a00421c8db354f041c46fd917937950e23831ad9d7cabe7c [none]
[debug] [2025-09-07T18:38:35.166Z] >>> [apiv2][body] POST https://upload-firebasehosting.googleapis.com/upload/sites/discountmartapp-cc4bf/versions/716c96999c416fe5/files/ca24956439034e34a00421c8db354f041c46fd917937950e23831ad9d7cabe7c [stream]
[debug] [2025-09-07T18:38:35.167Z] >>> [apiv2][query] POST https://upload-firebasehosting.googleapis.com/upload/sites/discountmartapp-cc4bf/versions/716c96999c416fe5/files/79e87ec30960123ab1dfaaa7ec09c5ddc48543c89a1c7956fe28b65c8acce648 [none]
[debug] [2025-09-07T18:38:35.167Z] >>> [apiv2][body] POST https://upload-firebasehosting.googleapis.com/upload/sites/discountmartapp-cc4bf/versions/716c96999c416fe5/files/79e87ec30960123ab1dfaaa7ec09c5ddc48543c89a1c7956fe28b65c8acce648 [stream]
[debug] [2025-09-07T18:38:35.169Z] >>> [apiv2][query] POST https://upload-firebasehosting.googleapis.com/upload/sites/discountmartapp-cc4bf/versions/716c96999c416fe5/files/26592d834b26d289f3cacf3a2c8be73240b67ba346cdc096b9feb19ebace67e9 [none]
[debug] [2025-09-07T18:38:35.169Z] >>> [apiv2][body] POST https://upload-firebasehosting.googleapis.com/upload/sites/discountmartapp-cc4bf/versions/716c96999c416fe5/files/26592d834b26d289f3cacf3a2c8be73240b67ba346cdc096b9feb19ebace67e9 [stream]
[debug] [2025-09-07T18:38:35.170Z] >>> [apiv2][query] POST https://upload-firebasehosting.googleapis.com/upload/sites/discountmartapp-cc4bf/versions/716c96999c416fe5/files/af78f51167d61d501b62bc6d682481528b30332fe1f0267da879c31e44dade23 [none]
[debug] [2025-09-07T18:38:35.171Z] >>> [apiv2][body] POST https://upload-firebasehosting.googleapis.com/upload/sites/discountmartapp-cc4bf/versions/716c96999c416fe5/files/af78f51167d61d501b62bc6d682481528b30332fe1f0267da879c31e44dade23 [stream]
[debug] [2025-09-07T18:38:35.174Z] >>> [apiv2][query] POST https://upload-firebasehosting.googleapis.com/upload/sites/discountmartapp-cc4bf/versions/716c96999c416fe5/files/a5aaff56f235b988dd8a7392d519777b7e3cc44d2b3e90350ad4648581e5e308 [none]
[debug] [2025-09-07T18:38:35.174Z] >>> [apiv2][body] POST https://upload-firebasehosting.googleapis.com/upload/sites/discountmartapp-cc4bf/versions/716c96999c416fe5/files/a5aaff56f235b988dd8a7392d519777b7e3cc44d2b3e90350ad4648581e5e308 [stream]
[debug] [2025-09-07T18:38:35.176Z] >>> [apiv2][query] POST https://upload-firebasehosting.googleapis.com/upload/sites/discountmartapp-cc4bf/versions/716c96999c416fe5/files/9b009a8e5bf65302249be93f6e3e1c1895dd2c62c0c855323e780877bb4b3166 [none]
[debug] [2025-09-07T18:38:35.176Z] >>> [apiv2][body] POST https://upload-firebasehosting.googleapis.com/upload/sites/discountmartapp-cc4bf/versions/716c96999c416fe5/files/9b009a8e5bf65302249be93f6e3e1c1895dd2c62c0c855323e780877bb4b3166 [stream]
[debug] [2025-09-07T18:38:35.177Z] [hosting][populate queue][FINAL] {"max":668,"min":668,"avg":668,"active":0,"complete":1,"success":1,"errored":0,"retried":0,"total":1,"elapsed":693}
[debug] [2025-09-07T18:38:35.178Z] [hosting] uploads queued: 11
[info] i  hosting: uploading new files [0/11] (0%) 
[debug] [2025-09-07T18:38:37.299Z] <<< [apiv2][status] POST https://upload-firebasehosting.googleapis.com/upload/sites/discountmartapp-cc4bf/versions/716c96999c416fe5/files/ca24956439034e34a00421c8db354f041c46fd917937950e23831ad9d7cabe7c 200
[debug] [2025-09-07T18:38:37.301Z] <<< [apiv2][body] POST https://upload-firebasehosting.googleapis.com/upload/sites/discountmartapp-cc4bf/versions/716c96999c416fe5/files/ca24956439034e34a00421c8db354f041c46fd917937950e23831ad9d7cabe7c [stream]
[debug] [2025-09-07T18:38:37.404Z] <<< [apiv2][status] POST https://upload-firebasehosting.googleapis.com/upload/sites/discountmartapp-cc4bf/versions/716c96999c416fe5/files/9b009a8e5bf65302249be93f6e3e1c1895dd2c62c0c855323e780877bb4b3166 200
[debug] [2025-09-07T18:38:37.406Z] <<< [apiv2][body] POST https://upload-firebasehosting.googleapis.com/upload/sites/discountmartapp-cc4bf/versions/716c96999c416fe5/files/9b009a8e5bf65302249be93f6e3e1c1895dd2c62c0c855323e780877bb4b3166 [stream]
[debug] [2025-09-07T18:38:37.443Z] <<< [apiv2][status] POST https://upload-firebasehosting.googleapis.com/upload/sites/discountmartapp-cc4bf/versions/716c96999c416fe5/files/9116eec1f6f1dcfab29c0b6c5956fc11be90540cfc6dad583669786c7dccd516 200
[debug] [2025-09-07T18:38:37.444Z] <<< [apiv2][body] POST https://upload-firebasehosting.googleapis.com/upload/sites/discountmartapp-cc4bf/versions/716c96999c416fe5/files/9116eec1f6f1dcfab29c0b6c5956fc11be90540cfc6dad583669786c7dccd516 [stream]
[debug] [2025-09-07T18:38:37.513Z] <<< [apiv2][status] POST https://upload-firebasehosting.googleapis.com/upload/sites/discountmartapp-cc4bf/versions/716c96999c416fe5/files/af78f51167d61d501b62bc6d682481528b30332fe1f0267da879c31e44dade23 200
[debug] [2025-09-07T18:38:37.514Z] <<< [apiv2][body] POST https://upload-firebasehosting.googleapis.com/upload/sites/discountmartapp-cc4bf/versions/716c96999c416fe5/files/af78f51167d61d501b62bc6d682481528b30332fe1f0267da879c31e44dade23 [stream]
[debug] [2025-09-07T18:38:37.569Z] <<< [apiv2][status] POST https://upload-firebasehosting.googleapis.com/upload/sites/discountmartapp-cc4bf/versions/716c96999c416fe5/files/945950ca4c4a3f80270a89def7f893db44d945d868b83cafc0244b5026fa3999 200
[debug] [2025-09-07T18:38:37.570Z] <<< [apiv2][body] POST https://upload-firebasehosting.googleapis.com/upload/sites/discountmartapp-cc4bf/versions/716c96999c416fe5/files/945950ca4c4a3f80270a89def7f893db44d945d868b83cafc0244b5026fa3999 [stream]
[debug] [2025-09-07T18:38:37.575Z] <<< [apiv2][status] POST https://upload-firebasehosting.googleapis.com/upload/sites/discountmartapp-cc4bf/versions/716c96999c416fe5/files/79e87ec30960123ab1dfaaa7ec09c5ddc48543c89a1c7956fe28b65c8acce648 200
[debug] [2025-09-07T18:38:37.575Z] <<< [apiv2][body] POST https://upload-firebasehosting.googleapis.com/upload/sites/discountmartapp-cc4bf/versions/716c96999c416fe5/files/79e87ec30960123ab1dfaaa7ec09c5ddc48543c89a1c7956fe28b65c8acce648 [stream]
[debug] [2025-09-07T18:38:37.736Z] <<< [apiv2][status] POST https://upload-firebasehosting.googleapis.com/upload/sites/discountmartapp-cc4bf/versions/716c96999c416fe5/files/a5aaff56f235b988dd8a7392d519777b7e3cc44d2b3e90350ad4648581e5e308 200
[debug] [2025-09-07T18:38:37.737Z] <<< [apiv2][body] POST https://upload-firebasehosting.googleapis.com/upload/sites/discountmartapp-cc4bf/versions/716c96999c416fe5/files/a5aaff56f235b988dd8a7392d519777b7e3cc44d2b3e90350ad4648581e5e308 [stream]
[debug] [2025-09-07T18:38:37.909Z] <<< [apiv2][status] POST https://upload-firebasehosting.googleapis.com/upload/sites/discountmartapp-cc4bf/versions/716c96999c416fe5/files/0876dccac3705734e75855a488691c5af63d5da7bc6a463788ed83c1b7991561 200
[debug] [2025-09-07T18:38:37.910Z] <<< [apiv2][body] POST https://upload-firebasehosting.googleapis.com/upload/sites/discountmartapp-cc4bf/versions/716c96999c416fe5/files/0876dccac3705734e75855a488691c5af63d5da7bc6a463788ed83c1b7991561 [stream]
[debug] [2025-09-07T18:38:38.155Z] <<< [apiv2][status] POST https://upload-firebasehosting.googleapis.com/upload/sites/discountmartapp-cc4bf/versions/716c96999c416fe5/files/26592d834b26d289f3cacf3a2c8be73240b67ba346cdc096b9feb19ebace67e9 200
[debug] [2025-09-07T18:38:38.157Z] <<< [apiv2][body] POST https://upload-firebasehosting.googleapis.com/upload/sites/discountmartapp-cc4bf/versions/716c96999c416fe5/files/26592d834b26d289f3cacf3a2c8be73240b67ba346cdc096b9feb19ebace67e9 [stream]
[debug] [2025-09-07T18:38:38.219Z] <<< [apiv2][status] POST https://upload-firebasehosting.googleapis.com/upload/sites/discountmartapp-cc4bf/versions/716c96999c416fe5/files/b317a7122082b8904e6ea14b024d3b6b6fb58e7fbe003863304f5ee3a3a02c75 200
[debug] [2025-09-07T18:38:38.221Z] <<< [apiv2][body] POST https://upload-firebasehosting.googleapis.com/upload/sites/discountmartapp-cc4bf/versions/716c96999c416fe5/files/b317a7122082b8904e6ea14b024d3b6b6fb58e7fbe003863304f5ee3a3a02c75 [stream]
[info] i  hosting: uploading new files [10/11] (90%) 
[debug] [2025-09-07T18:38:39.652Z] <<< [apiv2][status] POST https://upload-firebasehosting.googleapis.com/upload/sites/discountmartapp-cc4bf/versions/716c96999c416fe5/files/ce36904a90e9631b7066c3f677f3a3c5e3f8ffd55b517b80c43153a95a972f73 200
[debug] [2025-09-07T18:38:39.653Z] <<< [apiv2][body] POST https://upload-firebasehosting.googleapis.com/upload/sites/discountmartapp-cc4bf/versions/716c96999c416fe5/files/ce36904a90e9631b7066c3f677f3a3c5e3f8ffd55b517b80c43153a95a972f73 [stream]
[debug] [2025-09-07T18:38:39.654Z] [hosting][upload queue][FINAL] {"max":4506,"min":2153,"avg":2714.5454545454545,"active":0,"complete":11,"success":11,"errored":0,"retried":0,"total":11,"elapsed":4508}
[info] i  hosting: upload complete 
[info] ✔  hosting[discountmartapp-cc4bf]: file upload complete 
[debug] [2025-09-07T18:38:39.658Z] [hosting] deploy completed after 5344ms
[debug] [2025-09-07T18:38:39.659Z] [
  {
    "config": {
      "public": "client/dist",
      "ignore": [
        "firebase.json",
        "**/.*",
        "**/node_modules/**"
      ],
      "rewrites": [
        {
          "source": "**",
          "destination": "/index.html"
        }
      ],
      "site": "discountmartapp-cc4bf"
    },
    "version": "projects/299508835714/sites/discountmartapp-cc4bf/versions/716c96999c416fe5"
  }
]
[info] i  hosting[discountmartapp-cc4bf]: finalizing version... 
[debug] [2025-09-07T18:38:39.676Z] Checked if tokens are valid: true, expires at: 1757272289085
[debug] [2025-09-07T18:38:39.677Z] Checked if tokens are valid: true, expires at: 1757272289085
[debug] [2025-09-07T18:38:39.683Z] >>> [apiv2][query] PATCH https://firebasehosting.googleapis.com/v1beta1/projects/-/sites/discountmartapp-cc4bf/versions/716c96999c416fe5 updateMask=status%2Cconfig
[debug] [2025-09-07T18:38:39.685Z] >>> [apiv2][body] PATCH https://firebasehosting.googleapis.com/v1beta1/projects/-/sites/discountmartapp-cc4bf/versions/716c96999c416fe5 {"status":"FINALIZED","config":{"rewrites":[{"glob":"**","path":"/index.html"}]}}
[debug] [2025-09-07T18:38:40.258Z] <<< [apiv2][status] PATCH https://firebasehosting.googleapis.com/v1beta1/projects/-/sites/discountmartapp-cc4bf/versions/716c96999c416fe5 200
[debug] [2025-09-07T18:38:40.258Z] <<< [apiv2][body] PATCH https://firebasehosting.googleapis.com/v1beta1/projects/-/sites/discountmartapp-cc4bf/versions/716c96999c416fe5 {"name":"projects/299508835714/sites/discountmartapp-cc4bf/versions/716c96999c416fe5","status":"FINALIZED","config":{"rewrites":[{"glob":"**","path":"/index.html"}]},"labels":{"deployment-tool":"cli-firebase"},"createTime":"2025-09-07T18:38:33.636512Z","createUser":{"email":"mugabetrinity@gmail.com"},"finalizeTime":"2025-09-07T18:38:39.856524Z","finalizeUser":{"email":"mugabetrinity@gmail.com"}}
[debug] [2025-09-07T18:38:40.258Z] [hosting] finalized version for discountmartapp-cc4bf:[object Object]
[info] ✔  hosting[discountmartapp-cc4bf]: version finalized 
[info] i  hosting[discountmartapp-cc4bf]: releasing new version... 
[debug] [2025-09-07T18:38:40.259Z] Checked if tokens are valid: true, expires at: 1757272289085
[debug] [2025-09-07T18:38:40.259Z] Checked if tokens are valid: true, expires at: 1757272289085
[debug] [2025-09-07T18:38:40.259Z] >>> [apiv2][query] POST https://firebasehosting.googleapis.com/v1beta1/projects/-/sites/discountmartapp-cc4bf/channels/live/releases versionName=projects%2F299508835714%2Fsites%2Fdiscountmartapp-cc4bf%2Fversions%2F716c96999c416fe5
[debug] [2025-09-07T18:38:40.259Z] >>> [apiv2][body] POST https://firebasehosting.googleapis.com/v1beta1/projects/-/sites/discountmartapp-cc4bf/channels/live/releases {}
[debug] [2025-09-07T18:38:40.800Z] <<< [apiv2][status] POST https://firebasehosting.googleapis.com/v1beta1/projects/-/sites/discountmartapp-cc4bf/channels/live/releases 200
[debug] [2025-09-07T18:38:40.802Z] <<< [apiv2][body] POST https://firebasehosting.googleapis.com/v1beta1/projects/-/sites/discountmartapp-cc4bf/channels/live/releases {"name":"projects/299508835714/sites/discountmartapp-cc4bf/channels/live/releases/1757270319841000","version":{"name":"projects/299508835714/sites/discountmartapp-cc4bf/versions/716c96999c416fe5","status":"FINALIZED","config":{"rewrites":[{"glob":"**","path":"/index.html"}]},"labels":{"deployment-tool":"cli-firebase"},"createTime":"2025-09-07T18:38:33.636512Z","createUser":{"email":"mugabetrinity@gmail.com","imageUrl":"https://lh3.googleusercontent.com/a/ACg8ocJUU-YkeYdEq4ZwWtKBC4WpLsH4qG5JCMtD246-mRW5cshwMw=mo"},"finalizeTime":"2025-09-07T18:38:39.856524Z","finalizeUser":{"email":"mugabetrinity@gmail.com","imageUrl":"https://lh3.googleusercontent.com/a/ACg8ocJUU-YkeYdEq4ZwWtKBC4WpLsH4qG5JCMtD246-mRW5cshwMw=mo"}},"type":"DEPLOY","releaseTime":"2025-09-07T18:38:39.841Z","releaseUser":{"email":"mugabetrinity@gmail.com","imageUrl":"https://lh3.googleusercontent.com/a/ACg8ocJUU-YkeYdEq4ZwWtKBC4WpLsH4qG5JCMtD246-mRW5cshwMw=mo"}}
[debug] [2025-09-07T18:38:40.804Z] [hosting] release: {"name":"projects/299508835714/sites/discountmartapp-cc4bf/channels/live/releases/1757270319841000","version":{"name":"projects/299508835714/sites/discountmartapp-cc4bf/versions/716c96999c416fe5","status":"FINALIZED","config":{"rewrites":[{"glob":"**","path":"/index.html"}]},"labels":{"deployment-tool":"cli-firebase"},"createTime":"2025-09-07T18:38:33.636512Z","createUser":{"email":"mugabetrinity@gmail.com","imageUrl":"https://lh3.googleusercontent.com/a/ACg8ocJUU-YkeYdEq4ZwWtKBC4WpLsH4qG5JCMtD246-mRW5cshwMw=mo"},"finalizeTime":"2025-09-07T18:38:39.856524Z","finalizeUser":{"email":"mugabetrinity@gmail.com","imageUrl":"https://lh3.googleusercontent.com/a/ACg8ocJUU-YkeYdEq4ZwWtKBC4WpLsH4qG5JCMtD246-mRW5cshwMw=mo"}},"type":"DEPLOY","releaseTime":"2025-09-07T18:38:39.841Z","releaseUser":{"email":"mugabetrinity@gmail.com","imageUrl":"https://lh3.googleusercontent.com/a/ACg8ocJUU-YkeYdEq4ZwWtKBC4WpLsH4qG5JCMtD246-mRW5cshwMw=mo"}}
[info] ✔  hosting[discountmartapp-cc4bf]: release complete 
[info] 
[info] ✔  Deploy complete! 
[info] 
[info] Project Console: https://console.firebase.google.com/project/discountmartapp-cc4bf/overview
[info] Hosting URL: https://discountmartapp-cc4bf.web.app
[debug] [2025-09-07T18:53:31.647Z] ----------------------------------------------------------------------
[debug] [2025-09-07T18:53:31.649Z] Command:       /home/trinity/.nvm/versions/node/v22.15.0/bin/node /mnt/c/Users/HELLO HOME TECH/AppData/Roaming/npm/node_modules/firebase-tools/lib/bin/firebase.js deploy --only hosting
[debug] [2025-09-07T18:53:31.649Z] CLI Version:   14.15.1
[debug] [2025-09-07T18:53:31.650Z] Platform:      linux
[debug] [2025-09-07T18:53:31.650Z] Node Version:  v22.15.0
[debug] [2025-09-07T18:53:31.650Z] Time:          Sun Sep 07 2025 20:53:31 GMT+0200 (South Africa Standard Time)
[debug] [2025-09-07T18:53:31.650Z] ----------------------------------------------------------------------
[debug] 
[debug] [2025-09-07T18:53:32.010Z] > command requires scopes: ["email","openid","https://www.googleapis.com/auth/cloudplatformprojects.readonly","https://www.googleapis.com/auth/firebase","https://www.googleapis.com/auth/cloud-platform"]
[debug] [2025-09-07T18:53:32.011Z] > authorizing via signed-in user (mugabetrinity@gmail.com)
[debug] [2025-09-07T18:53:32.012Z] [iam] checking project discountmartapp-cc4bf for permissions ["firebase.projects.get","firebasehosting.sites.update"]
[debug] [2025-09-07T18:53:32.014Z] Checked if tokens are valid: true, expires at: 1757272289085
[debug] [2025-09-07T18:53:32.014Z] Checked if tokens are valid: true, expires at: 1757272289085
[debug] [2025-09-07T18:53:32.016Z] >>> [apiv2][query] POST https://cloudresourcemanager.googleapis.com/v1/projects/discountmartapp-cc4bf:testIamPermissions [none]
[debug] [2025-09-07T18:53:32.017Z] >>> [apiv2][(partial)header] POST https://cloudresourcemanager.googleapis.com/v1/projects/discountmartapp-cc4bf:testIamPermissions x-goog-quota-user=projects/discountmartapp-cc4bf
[debug] [2025-09-07T18:53:32.018Z] >>> [apiv2][body] POST https://cloudresourcemanager.googleapis.com/v1/projects/discountmartapp-cc4bf:testIamPermissions {"permissions":["firebase.projects.get","firebasehosting.sites.update"]}
[debug] [2025-09-07T18:53:34.605Z] <<< [apiv2][status] POST https://cloudresourcemanager.googleapis.com/v1/projects/discountmartapp-cc4bf:testIamPermissions 200
[debug] [2025-09-07T18:53:34.607Z] <<< [apiv2][body] POST https://cloudresourcemanager.googleapis.com/v1/projects/discountmartapp-cc4bf:testIamPermissions {"permissions":["firebase.projects.get","firebasehosting.sites.update"]}
[debug] [2025-09-07T18:53:34.608Z] Checked if tokens are valid: true, expires at: 1757272289085
[debug] [2025-09-07T18:53:34.608Z] Checked if tokens are valid: true, expires at: 1757272289085
[debug] [2025-09-07T18:53:34.609Z] >>> [apiv2][query] GET https://firebase.googleapis.com/v1beta1/projects/discountmartapp-cc4bf [none]
[debug] [2025-09-07T18:53:37.153Z] <<< [apiv2][status] GET https://firebase.googleapis.com/v1beta1/projects/discountmartapp-cc4bf 200
[debug] [2025-09-07T18:53:37.154Z] <<< [apiv2][body] GET https://firebase.googleapis.com/v1beta1/projects/discountmartapp-cc4bf {"projectId":"discountmartapp-cc4bf","projectNumber":"299508835714","displayName":"Discountmartapp","name":"projects/discountmartapp-cc4bf","resources":{"hostingSite":"discountmartapp-cc4bf"},"state":"ACTIVE","etag":"1_96e23c05-27f2-4f53-8220-ab7f7db49172"}
[info] 
[info] === Deploying to 'discountmartapp-cc4bf'...
[info] 
[info] i  deploying hosting 
[debug] [2025-09-07T18:53:37.175Z] Checked if tokens are valid: true, expires at: 1757272289085
[debug] [2025-09-07T18:53:37.176Z] Checked if tokens are valid: true, expires at: 1757272289085
[debug] [2025-09-07T18:53:37.176Z] >>> [apiv2][query] POST https://firebasehosting.googleapis.com/v1beta1/projects/-/sites/discountmartapp-cc4bf/versions [none]
[debug] [2025-09-07T18:53:37.176Z] >>> [apiv2][body] POST https://firebasehosting.googleapis.com/v1beta1/projects/-/sites/discountmartapp-cc4bf/versions {"status":"CREATED","labels":{"deployment-tool":"cli-firebase"}}
[debug] [2025-09-07T18:53:39.784Z] <<< [apiv2][status] POST https://firebasehosting.googleapis.com/v1beta1/projects/-/sites/discountmartapp-cc4bf/versions 200
[debug] [2025-09-07T18:53:39.784Z] <<< [apiv2][body] POST https://firebasehosting.googleapis.com/v1beta1/projects/-/sites/discountmartapp-cc4bf/versions {"name":"projects/299508835714/sites/discountmartapp-cc4bf/versions/c048d2c16ba53f69","status":"CREATED","config":{},"labels":{"deployment-tool":"cli-firebase"}}
[info] i  hosting[discountmartapp-cc4bf]: beginning deploy... 
[info] i  hosting[discountmartapp-cc4bf]: found 25 files in client/dist 
[debug] [2025-09-07T18:53:39.815Z] [hosting] uploading with 200 concurrency
[debug] [2025-09-07T18:53:39.950Z] Checked if tokens are valid: true, expires at: 1757272289085
[debug] [2025-09-07T18:53:39.951Z] Checked if tokens are valid: true, expires at: 1757272289085
[debug] [2025-09-07T18:53:39.952Z] [hosting] hash cache [Y2xpZW50L2Rpc3Q] stored for 25 files
[debug] [2025-09-07T18:53:39.952Z] [hosting][hash queue][FINAL] {"max":131,"min":28,"avg":41.32,"active":0,"complete":25,"success":25,"errored":0,"retried":0,"total":25,"elapsed":134}
[debug] [2025-09-07T18:53:39.953Z] >>> [apiv2][query] POST https://firebasehosting.googleapis.com/v1beta1/projects/299508835714/sites/discountmartapp-cc4bf/versions/c048d2c16ba53f69:populateFiles [none]
[debug] [2025-09-07T18:53:39.953Z] >>> [apiv2][body] POST https://firebasehosting.googleapis.com/v1beta1/projects/299508835714/sites/discountmartapp-cc4bf/versions/c048d2c16ba53f69:populateFiles {"files":{"/index.html":"a1bc5e5b965f05a1b872f6026b37a8ae61b95445f92cf256b0587a37920838c2","/favicon.ico":"6cfcbbc1f61a55dbfadf4b957399d3eaf3bfdb16eb65ed43560a82dde3bd685f","/assets/inter-vietnamese-400-normal-DMkecbls.woff2":"617acac0f9f159d07c67da6c466793a21daf4f32130cfd8ac1a1c3806593130c","/assets/inter-vietnamese-400-normal-Bbgyi5SW.woff":"4b45392576cd2d9e2cb78e5db018ca320eeb6c9e23dd48363fdd43e5291d1eae","/assets/inter-greek-ext-400-normal-Bput3-QP.woff2":"6c7de200f85dbd7a4a64e5b42637f01309b86b7939766e84659c49f0392b03b7","/assets/inter-greek-ext-400-normal-XIH6-K3k.woff":"9610226e86dd1d71f9ae53468e651710b38736d2eb793408a33178a54228b567","/assets/inter-greek-400-normal-C3I71FoW.woff":"bae4c34c5390bf0efeaa1ff2a3002112678d58fd9b860366cfc98510e7598410","/assets/inter-greek-400-normal-DxZsaF_h.woff2":"27ae8518183abc0f153c101f391231d3b208edc515f81e4fe68dc9c5c9dd492c","/assets/inter-cyrillic-400-normal-BLGc9T1a.woff2":"93c0a460df1463390e0b91c9830159289e936a846619bead958f747905564590","/assets/inter-cyrillic-ext-400-normal-Dc4VJyIJ.woff2":"e647d165aaac30fad23d81448d3d35baa3fde09950e56dd3bc3022f452211bc5","/assets/inter-cyrillic-ext-400-normal-BE2fNs0E.woff":"8726f7caaf62acc5c5eeb2926b3e37022f915aec9d0d673c9e5614f2856411e1","/assets/Home-COGSW9LQ.js.map":"01e026abb7cc695fb6e4dec4bee6b57b7c8d7a4e4e4aedd7bd43645072368ae0","/assets/Home-COGSW9LQ.js":"e0f245734f783686d0cfc6d8d8299597a4216444043c3801aea0630424bb286b","/assets/inter-cyrillic-400-normal-alAqRL36.woff":"9624c7b1e4bd5afc6f440b711168f185072a52cd67473feda8fd427b82ab0630","/assets/inter-latin-400-normal-CyCys3Eg.woff":"e3ea31c6962193220d3b204a3941daf16dd8a2962b8d0b4760469561a1973adc","/assets/inter-latin-400-normal-C38fXH4l.woff2":"0f915fe00a484b988ba7715a6aaa135d77516aad4a4c2d251530084e49c855c5","/assets/inter-latin-ext-400-normal-C1nco2VV.woff2":"60882d09041aabcb2122e88ebd3158774b93998f6c5731cafeeddd9f26a080da","/assets/index-BF5JQAJP.css":"d6f725c2f2bc4ee03e0963d32f615bcfb0905da4b3f68b71a2376d317becff57","/assets/inter-latin-ext-400-normal-77YHD8bZ.woff":"fa3f4d97f73f7a6b5be50f01a6b07f274e090ae0e3a9e96987f852c0768bf516","/assets/Checkout-bkYYcPEo.js":"b3f8bd3e12c0e42501dd94a127b63ad3b1e590cf766e4d6ed2d890b49b9739e9","/assets/vendor-CsfuMQlv.js":"825fdeba8fefb4800a69d8108f0a373855decaa1fbc26e07669bc5661c65f306","/assets/index-CCCgHymJ.js":"815c0c95737f73b05ab8ba6c67b7c7bac6b8817f0f4e9b300740da645ceb37ed","/assets/index-CCCgHymJ.js.map":"175db759b1ea1f28895fe4fa1c232448d76ed02bd613197d2207a9f35687fc71","/assets/Checkout-bkYYcPEo.js.map":"0b7b091d5b109888685d0ed5cd67346c53c457a1db46fd920a5f4a7be36af6d8","/assets/vendor-CsfuMQlv.js.map":"93c83d01e56668bb8ed446d8d15dfe4cb71b6290b1b7ed0ef33edfb14b29ff77"}}
[debug] [2025-09-07T18:53:40.947Z] <<< [apiv2][status] POST https://firebasehosting.googleapis.com/v1beta1/projects/299508835714/sites/discountmartapp-cc4bf/versions/c048d2c16ba53f69:populateFiles 200
[debug] [2025-09-07T18:53:40.948Z] <<< [apiv2][body] POST https://firebasehosting.googleapis.com/v1beta1/projects/299508835714/sites/discountmartapp-cc4bf/versions/c048d2c16ba53f69:populateFiles {"uploadRequiredHashes":["175db759b1ea1f28895fe4fa1c232448d76ed02bd613197d2207a9f35687fc71","93c83d01e56668bb8ed446d8d15dfe4cb71b6290b1b7ed0ef33edfb14b29ff77","825fdeba8fefb4800a69d8108f0a373855decaa1fbc26e07669bc5661c65f306","01e026abb7cc695fb6e4dec4bee6b57b7c8d7a4e4e4aedd7bd43645072368ae0","a1bc5e5b965f05a1b872f6026b37a8ae61b95445f92cf256b0587a37920838c2","e0f245734f783686d0cfc6d8d8299597a4216444043c3801aea0630424bb286b","815c0c95737f73b05ab8ba6c67b7c7bac6b8817f0f4e9b300740da645ceb37ed","0b7b091d5b109888685d0ed5cd67346c53c457a1db46fd920a5f4a7be36af6d8","d6f725c2f2bc4ee03e0963d32f615bcfb0905da4b3f68b71a2376d317becff57","b3f8bd3e12c0e42501dd94a127b63ad3b1e590cf766e4d6ed2d890b49b9739e9"],"uploadUrl":"https://upload-firebasehosting.googleapis.com/upload/sites/discountmartapp-cc4bf/versions/c048d2c16ba53f69/files"}
[debug] [2025-09-07T18:53:40.953Z] Checked if tokens are valid: true, expires at: 1757272289085
[debug] [2025-09-07T18:53:40.954Z] Checked if tokens are valid: true, expires at: 1757272289085
[debug] [2025-09-07T18:53:40.956Z] Checked if tokens are valid: true, expires at: 1757272289085
[debug] [2025-09-07T18:53:40.957Z] Checked if tokens are valid: true, expires at: 1757272289085
[debug] [2025-09-07T18:53:40.958Z] Checked if tokens are valid: true, expires at: 1757272289085
[debug] [2025-09-07T18:53:40.959Z] Checked if tokens are valid: true, expires at: 1757272289085
[debug] [2025-09-07T18:53:40.961Z] Checked if tokens are valid: true, expires at: 1757272289085
[debug] [2025-09-07T18:53:40.963Z] Checked if tokens are valid: true, expires at: 1757272289085
[debug] [2025-09-07T18:53:40.964Z] Checked if tokens are valid: true, expires at: 1757272289085
[debug] [2025-09-07T18:53:40.964Z] Checked if tokens are valid: true, expires at: 1757272289085
[debug] [2025-09-07T18:53:40.965Z] Checked if tokens are valid: true, expires at: 1757272289085
[debug] [2025-09-07T18:53:40.965Z] Checked if tokens are valid: true, expires at: 1757272289085
[debug] [2025-09-07T18:53:40.966Z] Checked if tokens are valid: true, expires at: 1757272289085
[debug] [2025-09-07T18:53:40.966Z] Checked if tokens are valid: true, expires at: 1757272289085
[debug] [2025-09-07T18:53:40.967Z] Checked if tokens are valid: true, expires at: 1757272289085
[debug] [2025-09-07T18:53:40.967Z] Checked if tokens are valid: true, expires at: 1757272289085
[debug] [2025-09-07T18:53:40.968Z] Checked if tokens are valid: true, expires at: 1757272289085
[debug] [2025-09-07T18:53:40.968Z] Checked if tokens are valid: true, expires at: 1757272289085
[debug] [2025-09-07T18:53:40.969Z] Checked if tokens are valid: true, expires at: 1757272289085
[debug] [2025-09-07T18:53:40.969Z] Checked if tokens are valid: true, expires at: 1757272289085
[debug] [2025-09-07T18:53:40.970Z] >>> [apiv2][query] POST https://upload-firebasehosting.googleapis.com/upload/sites/discountmartapp-cc4bf/versions/c048d2c16ba53f69/files/175db759b1ea1f28895fe4fa1c232448d76ed02bd613197d2207a9f35687fc71 [none]
[debug] [2025-09-07T18:53:40.970Z] >>> [apiv2][body] POST https://upload-firebasehosting.googleapis.com/upload/sites/discountmartapp-cc4bf/versions/c048d2c16ba53f69/files/175db759b1ea1f28895fe4fa1c232448d76ed02bd613197d2207a9f35687fc71 [stream]
[debug] [2025-09-07T18:53:40.972Z] >>> [apiv2][query] POST https://upload-firebasehosting.googleapis.com/upload/sites/discountmartapp-cc4bf/versions/c048d2c16ba53f69/files/93c83d01e56668bb8ed446d8d15dfe4cb71b6290b1b7ed0ef33edfb14b29ff77 [none]
[debug] [2025-09-07T18:53:40.973Z] >>> [apiv2][body] POST https://upload-firebasehosting.googleapis.com/upload/sites/discountmartapp-cc4bf/versions/c048d2c16ba53f69/files/93c83d01e56668bb8ed446d8d15dfe4cb71b6290b1b7ed0ef33edfb14b29ff77 [stream]
[debug] [2025-09-07T18:53:40.976Z] >>> [apiv2][query] POST https://upload-firebasehosting.googleapis.com/upload/sites/discountmartapp-cc4bf/versions/c048d2c16ba53f69/files/825fdeba8fefb4800a69d8108f0a373855decaa1fbc26e07669bc5661c65f306 [none]
[debug] [2025-09-07T18:53:40.976Z] >>> [apiv2][body] POST https://upload-firebasehosting.googleapis.com/upload/sites/discountmartapp-cc4bf/versions/c048d2c16ba53f69/files/825fdeba8fefb4800a69d8108f0a373855decaa1fbc26e07669bc5661c65f306 [stream]
[debug] [2025-09-07T18:53:40.979Z] >>> [apiv2][query] POST https://upload-firebasehosting.googleapis.com/upload/sites/discountmartapp-cc4bf/versions/c048d2c16ba53f69/files/01e026abb7cc695fb6e4dec4bee6b57b7c8d7a4e4e4aedd7bd43645072368ae0 [none]
[debug] [2025-09-07T18:53:40.979Z] >>> [apiv2][body] POST https://upload-firebasehosting.googleapis.com/upload/sites/discountmartapp-cc4bf/versions/c048d2c16ba53f69/files/01e026abb7cc695fb6e4dec4bee6b57b7c8d7a4e4e4aedd7bd43645072368ae0 [stream]
[debug] [2025-09-07T18:53:40.981Z] >>> [apiv2][query] POST https://upload-firebasehosting.googleapis.com/upload/sites/discountmartapp-cc4bf/versions/c048d2c16ba53f69/files/a1bc5e5b965f05a1b872f6026b37a8ae61b95445f92cf256b0587a37920838c2 [none]
[debug] [2025-09-07T18:53:40.981Z] >>> [apiv2][body] POST https://upload-firebasehosting.googleapis.com/upload/sites/discountmartapp-cc4bf/versions/c048d2c16ba53f69/files/a1bc5e5b965f05a1b872f6026b37a8ae61b95445f92cf256b0587a37920838c2 [stream]
[debug] [2025-09-07T18:53:40.984Z] >>> [apiv2][query] POST https://upload-firebasehosting.googleapis.com/upload/sites/discountmartapp-cc4bf/versions/c048d2c16ba53f69/files/e0f245734f783686d0cfc6d8d8299597a4216444043c3801aea0630424bb286b [none]
[debug] [2025-09-07T18:53:40.984Z] >>> [apiv2][body] POST https://upload-firebasehosting.googleapis.com/upload/sites/discountmartapp-cc4bf/versions/c048d2c16ba53f69/files/e0f245734f783686d0cfc6d8d8299597a4216444043c3801aea0630424bb286b [stream]
[debug] [2025-09-07T18:53:40.985Z] >>> [apiv2][query] POST https://upload-firebasehosting.googleapis.com/upload/sites/discountmartapp-cc4bf/versions/c048d2c16ba53f69/files/815c0c95737f73b05ab8ba6c67b7c7bac6b8817f0f4e9b300740da645ceb37ed [none]
[debug] [2025-09-07T18:53:40.986Z] >>> [apiv2][body] POST https://upload-firebasehosting.googleapis.com/upload/sites/discountmartapp-cc4bf/versions/c048d2c16ba53f69/files/815c0c95737f73b05ab8ba6c67b7c7bac6b8817f0f4e9b300740da645ceb37ed [stream]
[debug] [2025-09-07T18:53:40.987Z] >>> [apiv2][query] POST https://upload-firebasehosting.googleapis.com/upload/sites/discountmartapp-cc4bf/versions/c048d2c16ba53f69/files/0b7b091d5b109888685d0ed5cd67346c53c457a1db46fd920a5f4a7be36af6d8 [none]
[debug] [2025-09-07T18:53:40.987Z] >>> [apiv2][body] POST https://upload-firebasehosting.googleapis.com/upload/sites/discountmartapp-cc4bf/versions/c048d2c16ba53f69/files/0b7b091d5b109888685d0ed5cd67346c53c457a1db46fd920a5f4a7be36af6d8 [stream]
[debug] [2025-09-07T18:53:40.988Z] >>> [apiv2][query] POST https://upload-firebasehosting.googleapis.com/upload/sites/discountmartapp-cc4bf/versions/c048d2c16ba53f69/files/d6f725c2f2bc4ee03e0963d32f615bcfb0905da4b3f68b71a2376d317becff57 [none]
[debug] [2025-09-07T18:53:40.988Z] >>> [apiv2][body] POST https://upload-firebasehosting.googleapis.com/upload/sites/discountmartapp-cc4bf/versions/c048d2c16ba53f69/files/d6f725c2f2bc4ee03e0963d32f615bcfb0905da4b3f68b71a2376d317becff57 [stream]
[debug] [2025-09-07T18:53:40.989Z] >>> [apiv2][query] POST https://upload-firebasehosting.googleapis.com/upload/sites/discountmartapp-cc4bf/versions/c048d2c16ba53f69/files/b3f8bd3e12c0e42501dd94a127b63ad3b1e590cf766e4d6ed2d890b49b9739e9 [none]
[debug] [2025-09-07T18:53:40.990Z] >>> [apiv2][body] POST https://upload-firebasehosting.googleapis.com/upload/sites/discountmartapp-cc4bf/versions/c048d2c16ba53f69/files/b3f8bd3e12c0e42501dd94a127b63ad3b1e590cf766e4d6ed2d890b49b9739e9 [stream]
[debug] [2025-09-07T18:53:40.991Z] [hosting][populate queue][FINAL] {"max":1019,"min":1019,"avg":1019,"active":0,"complete":1,"success":1,"errored":0,"retried":0,"total":1,"elapsed":1041}
[debug] [2025-09-07T18:53:40.991Z] [hosting] uploads queued: 10
[info] i  hosting: uploading new files [0/10] (0%) 
[debug] [2025-09-07T18:53:43.150Z] <<< [apiv2][status] POST https://upload-firebasehosting.googleapis.com/upload/sites/discountmartapp-cc4bf/versions/c048d2c16ba53f69/files/e0f245734f783686d0cfc6d8d8299597a4216444043c3801aea0630424bb286b 200
[debug] [2025-09-07T18:53:43.151Z] <<< [apiv2][body] POST https://upload-firebasehosting.googleapis.com/upload/sites/discountmartapp-cc4bf/versions/c048d2c16ba53f69/files/e0f245734f783686d0cfc6d8d8299597a4216444043c3801aea0630424bb286b [stream]
[debug] [2025-09-07T18:53:43.217Z] <<< [apiv2][status] POST https://upload-firebasehosting.googleapis.com/upload/sites/discountmartapp-cc4bf/versions/c048d2c16ba53f69/files/a1bc5e5b965f05a1b872f6026b37a8ae61b95445f92cf256b0587a37920838c2 200
[debug] [2025-09-07T18:53:43.218Z] <<< [apiv2][body] POST https://upload-firebasehosting.googleapis.com/upload/sites/discountmartapp-cc4bf/versions/c048d2c16ba53f69/files/a1bc5e5b965f05a1b872f6026b37a8ae61b95445f92cf256b0587a37920838c2 [stream]
[debug] [2025-09-07T18:53:43.260Z] <<< [apiv2][status] POST https://upload-firebasehosting.googleapis.com/upload/sites/discountmartapp-cc4bf/versions/c048d2c16ba53f69/files/825fdeba8fefb4800a69d8108f0a373855decaa1fbc26e07669bc5661c65f306 200
[debug] [2025-09-07T18:53:43.263Z] <<< [apiv2][body] POST https://upload-firebasehosting.googleapis.com/upload/sites/discountmartapp-cc4bf/versions/c048d2c16ba53f69/files/825fdeba8fefb4800a69d8108f0a373855decaa1fbc26e07669bc5661c65f306 [stream]
[debug] [2025-09-07T18:53:43.366Z] <<< [apiv2][status] POST https://upload-firebasehosting.googleapis.com/upload/sites/discountmartapp-cc4bf/versions/c048d2c16ba53f69/files/b3f8bd3e12c0e42501dd94a127b63ad3b1e590cf766e4d6ed2d890b49b9739e9 200
[debug] [2025-09-07T18:53:43.368Z] <<< [apiv2][body] POST https://upload-firebasehosting.googleapis.com/upload/sites/discountmartapp-cc4bf/versions/c048d2c16ba53f69/files/b3f8bd3e12c0e42501dd94a127b63ad3b1e590cf766e4d6ed2d890b49b9739e9 [stream]
[debug] [2025-09-07T18:53:43.455Z] <<< [apiv2][status] POST https://upload-firebasehosting.googleapis.com/upload/sites/discountmartapp-cc4bf/versions/c048d2c16ba53f69/files/01e026abb7cc695fb6e4dec4bee6b57b7c8d7a4e4e4aedd7bd43645072368ae0 200
[debug] [2025-09-07T18:53:43.456Z] <<< [apiv2][body] POST https://upload-firebasehosting.googleapis.com/upload/sites/discountmartapp-cc4bf/versions/c048d2c16ba53f69/files/01e026abb7cc695fb6e4dec4bee6b57b7c8d7a4e4e4aedd7bd43645072368ae0 [stream]
[debug] [2025-09-07T18:53:43.671Z] <<< [apiv2][status] POST https://upload-firebasehosting.googleapis.com/upload/sites/discountmartapp-cc4bf/versions/c048d2c16ba53f69/files/175db759b1ea1f28895fe4fa1c232448d76ed02bd613197d2207a9f35687fc71 200
[debug] [2025-09-07T18:53:43.673Z] <<< [apiv2][body] POST https://upload-firebasehosting.googleapis.com/upload/sites/discountmartapp-cc4bf/versions/c048d2c16ba53f69/files/175db759b1ea1f28895fe4fa1c232448d76ed02bd613197d2207a9f35687fc71 [stream]
[debug] [2025-09-07T18:53:43.737Z] <<< [apiv2][status] POST https://upload-firebasehosting.googleapis.com/upload/sites/discountmartapp-cc4bf/versions/c048d2c16ba53f69/files/0b7b091d5b109888685d0ed5cd67346c53c457a1db46fd920a5f4a7be36af6d8 200
[debug] [2025-09-07T18:53:43.738Z] <<< [apiv2][body] POST https://upload-firebasehosting.googleapis.com/upload/sites/discountmartapp-cc4bf/versions/c048d2c16ba53f69/files/0b7b091d5b109888685d0ed5cd67346c53c457a1db46fd920a5f4a7be36af6d8 [stream]
[debug] [2025-09-07T18:53:43.768Z] <<< [apiv2][status] POST https://upload-firebasehosting.googleapis.com/upload/sites/discountmartapp-cc4bf/versions/c048d2c16ba53f69/files/d6f725c2f2bc4ee03e0963d32f615bcfb0905da4b3f68b71a2376d317becff57 200
[debug] [2025-09-07T18:53:43.769Z] <<< [apiv2][body] POST https://upload-firebasehosting.googleapis.com/upload/sites/discountmartapp-cc4bf/versions/c048d2c16ba53f69/files/d6f725c2f2bc4ee03e0963d32f615bcfb0905da4b3f68b71a2376d317becff57 [stream]
[info] i  hosting: uploading new files [8/10] (80%) 
[debug] [2025-09-07T18:53:44.502Z] <<< [apiv2][status] POST https://upload-firebasehosting.googleapis.com/upload/sites/discountmartapp-cc4bf/versions/c048d2c16ba53f69/files/815c0c95737f73b05ab8ba6c67b7c7bac6b8817f0f4e9b300740da645ceb37ed 200
[debug] [2025-09-07T18:53:44.502Z] <<< [apiv2][body] POST https://upload-firebasehosting.googleapis.com/upload/sites/discountmartapp-cc4bf/versions/c048d2c16ba53f69/files/815c0c95737f73b05ab8ba6c67b7c7bac6b8817f0f4e9b300740da645ceb37ed [stream]
[debug] [2025-09-07T18:53:45.733Z] <<< [apiv2][status] POST https://upload-firebasehosting.googleapis.com/upload/sites/discountmartapp-cc4bf/versions/c048d2c16ba53f69/files/93c83d01e56668bb8ed446d8d15dfe4cb71b6290b1b7ed0ef33edfb14b29ff77 200
[debug] [2025-09-07T18:53:45.734Z] <<< [apiv2][body] POST https://upload-firebasehosting.googleapis.com/upload/sites/discountmartapp-cc4bf/versions/c048d2c16ba53f69/files/93c83d01e56668bb8ed446d8d15dfe4cb71b6290b1b7ed0ef33edfb14b29ff77 [stream]
[debug] [2025-09-07T18:53:45.735Z] [hosting][upload queue][FINAL] {"max":4780,"min":2187,"avg":2825.9,"active":0,"complete":10,"success":10,"errored":0,"retried":0,"total":10,"elapsed":4785}
[info] i  hosting: upload complete 
[info] ✔  hosting[discountmartapp-cc4bf]: file upload complete 
[debug] [2025-09-07T18:53:45.738Z] [hosting] deploy completed after 5937ms
[debug] [2025-09-07T18:53:45.739Z] [
  {
    "config": {
      "public": "client/dist",
      "ignore": [
        "firebase.json",
        "**/.*",
        "**/node_modules/**"
      ],
      "rewrites": [
        {
          "source": "**",
          "destination": "/index.html"
        }
      ],
      "site": "discountmartapp-cc4bf"
    },
    "version": "projects/299508835714/sites/discountmartapp-cc4bf/versions/c048d2c16ba53f69"
  }
]
[info] i  hosting[discountmartapp-cc4bf]: finalizing version... 
[debug] [2025-09-07T18:53:45.745Z] Checked if tokens are valid: true, expires at: 1757272289085
[debug] [2025-09-07T18:53:45.745Z] Checked if tokens are valid: true, expires at: 1757272289085
[debug] [2025-09-07T18:53:45.750Z] >>> [apiv2][query] PATCH https://firebasehosting.googleapis.com/v1beta1/projects/-/sites/discountmartapp-cc4bf/versions/c048d2c16ba53f69 updateMask=status%2Cconfig
[debug] [2025-09-07T18:53:45.751Z] >>> [apiv2][body] PATCH https://firebasehosting.googleapis.com/v1beta1/projects/-/sites/discountmartapp-cc4bf/versions/c048d2c16ba53f69 {"status":"FINALIZED","config":{"rewrites":[{"glob":"**","path":"/index.html"}]}}
[debug] [2025-09-07T18:53:46.406Z] <<< [apiv2][status] PATCH https://firebasehosting.googleapis.com/v1beta1/projects/-/sites/discountmartapp-cc4bf/versions/c048d2c16ba53f69 200
[debug] [2025-09-07T18:53:46.408Z] <<< [apiv2][body] PATCH https://firebasehosting.googleapis.com/v1beta1/projects/-/sites/discountmartapp-cc4bf/versions/c048d2c16ba53f69 {"name":"projects/299508835714/sites/discountmartapp-cc4bf/versions/c048d2c16ba53f69","status":"FINALIZED","config":{"rewrites":[{"glob":"**","path":"/index.html"}]},"labels":{"deployment-tool":"cli-firebase"},"createTime":"2025-09-07T18:53:39.255189Z","createUser":{"email":"mugabetrinity@gmail.com"},"finalizeTime":"2025-09-07T18:53:45.910341Z","finalizeUser":{"email":"mugabetrinity@gmail.com"}}
[debug] [2025-09-07T18:53:46.409Z] [hosting] finalized version for discountmartapp-cc4bf:[object Object]
[info] ✔  hosting[discountmartapp-cc4bf]: version finalized 
[info] i  hosting[discountmartapp-cc4bf]: releasing new version... 
[debug] [2025-09-07T18:53:46.411Z] Checked if tokens are valid: true, expires at: 1757272289085
[debug] [2025-09-07T18:53:46.411Z] Checked if tokens are valid: true, expires at: 1757272289085
[debug] [2025-09-07T18:53:46.412Z] >>> [apiv2][query] POST https://firebasehosting.googleapis.com/v1beta1/projects/-/sites/discountmartapp-cc4bf/channels/live/releases versionName=projects%2F299508835714%2Fsites%2Fdiscountmartapp-cc4bf%2Fversions%2Fc048d2c16ba53f69
[debug] [2025-09-07T18:53:46.413Z] >>> [apiv2][body] POST https://firebasehosting.googleapis.com/v1beta1/projects/-/sites/discountmartapp-cc4bf/channels/live/releases {}
[debug] [2025-09-07T18:53:46.940Z] <<< [apiv2][status] POST https://firebasehosting.googleapis.com/v1beta1/projects/-/sites/discountmartapp-cc4bf/channels/live/releases 200
[debug] [2025-09-07T18:53:46.940Z] <<< [apiv2][body] POST https://firebasehosting.googleapis.com/v1beta1/projects/-/sites/discountmartapp-cc4bf/channels/live/releases {"name":"projects/299508835714/sites/discountmartapp-cc4bf/channels/live/releases/1757271226078000","version":{"name":"projects/299508835714/sites/discountmartapp-cc4bf/versions/c048d2c16ba53f69","status":"FINALIZED","config":{"rewrites":[{"glob":"**","path":"/index.html"}]},"labels":{"deployment-tool":"cli-firebase"},"createTime":"2025-09-07T18:53:39.255189Z","createUser":{"email":"mugabetrinity@gmail.com","imageUrl":"https://lh3.googleusercontent.com/a/ACg8ocJUU-YkeYdEq4ZwWtKBC4WpLsH4qG5JCMtD246-mRW5cshwMw=mo"},"finalizeTime":"2025-09-07T18:53:45.910341Z","finalizeUser":{"email":"mugabetrinity@gmail.com","imageUrl":"https://lh3.googleusercontent.com/a/ACg8ocJUU-YkeYdEq4ZwWtKBC4WpLsH4qG5JCMtD246-mRW5cshwMw=mo"}},"type":"DEPLOY","releaseTime":"2025-09-07T18:53:46.078Z","releaseUser":{"email":"mugabetrinity@gmail.com","imageUrl":"https://lh3.googleusercontent.com/a/ACg8ocJUU-YkeYdEq4ZwWtKBC4WpLsH4qG5JCMtD246-mRW5cshwMw=mo"}}
[debug] [2025-09-07T18:53:46.941Z] [hosting] release: {"name":"projects/299508835714/sites/discountmartapp-cc4bf/channels/live/releases/1757271226078000","version":{"name":"projects/299508835714/sites/discountmartapp-cc4bf/versions/c048d2c16ba53f69","status":"FINALIZED","config":{"rewrites":[{"glob":"**","path":"/index.html"}]},"labels":{"deployment-tool":"cli-firebase"},"createTime":"2025-09-07T18:53:39.255189Z","createUser":{"email":"mugabetrinity@gmail.com","imageUrl":"https://lh3.googleusercontent.com/a/ACg8ocJUU-YkeYdEq4ZwWtKBC4WpLsH4qG5JCMtD246-mRW5cshwMw=mo"},"finalizeTime":"2025-09-07T18:53:45.910341Z","finalizeUser":{"email":"mugabetrinity@gmail.com","imageUrl":"https://lh3.googleusercontent.com/a/ACg8ocJUU-YkeYdEq4ZwWtKBC4WpLsH4qG5JCMtD246-mRW5cshwMw=mo"}},"type":"DEPLOY","releaseTime":"2025-09-07T18:53:46.078Z","releaseUser":{"email":"mugabetrinity@gmail.com","imageUrl":"https://lh3.googleusercontent.com/a/ACg8ocJUU-YkeYdEq4ZwWtKBC4WpLsH4qG5JCMtD246-mRW5cshwMw=mo"}}
[info] ✔  hosting[discountmartapp-cc4bf]: release complete 
[info] 
[info] ✔  Deploy complete! 
[info] 
[info] Project Console: https://console.firebase.google.com/project/discountmartapp-cc4bf/overview
[info] Hosting URL: https://discountmartapp-cc4bf.web.app
[debug] [2025-09-07T19:01:16.409Z] ----------------------------------------------------------------------
[debug] [2025-09-07T19:01:16.414Z] Command:       /home/trinity/.nvm/versions/node/v22.15.0/bin/node /mnt/c/Users/HELLO HOME TECH/AppData/Roaming/npm/node_modules/firebase-tools/lib/bin/firebase.js deploy --only hosting
[debug] [2025-09-07T19:01:16.415Z] CLI Version:   14.15.1
[debug] [2025-09-07T19:01:16.416Z] Platform:      linux
[debug] [2025-09-07T19:01:16.416Z] Node Version:  v22.15.0
[debug] [2025-09-07T19:01:16.417Z] Time:          Sun Sep 07 2025 21:01:16 GMT+0200 (South Africa Standard Time)
[debug] [2025-09-07T19:01:16.417Z] ----------------------------------------------------------------------
[debug] 
[debug] [2025-09-07T19:01:16.843Z] > command requires scopes: ["email","openid","https://www.googleapis.com/auth/cloudplatformprojects.readonly","https://www.googleapis.com/auth/firebase","https://www.googleapis.com/auth/cloud-platform"]
[debug] [2025-09-07T19:01:16.846Z] > authorizing via signed-in user (mugabetrinity@gmail.com)
[debug] [2025-09-07T19:01:16.846Z] [iam] checking project discountmartapp-cc4bf for permissions ["firebase.projects.get","firebasehosting.sites.update"]
[debug] [2025-09-07T19:01:16.847Z] Checked if tokens are valid: false, expires at: 1757272289085
[debug] [2025-09-07T19:01:16.848Z] Checked if tokens are valid: false, expires at: 1757272289085
[debug] [2025-09-07T19:01:16.848Z] > refreshing access token with scopes: []
[debug] [2025-09-07T19:01:16.853Z] >>> [apiv2][query] POST https://www.googleapis.com/oauth2/v3/token [none]
[debug] [2025-09-07T19:01:16.853Z] >>> [apiv2][body] POST https://www.googleapis.com/oauth2/v3/token [omitted]
[debug] [2025-09-07T19:01:18.040Z] <<< [apiv2][status] POST https://www.googleapis.com/oauth2/v3/token 200
[debug] [2025-09-07T19:01:18.042Z] <<< [apiv2][body] POST https://www.googleapis.com/oauth2/v3/token [omitted]
[debug] [2025-09-07T19:01:18.060Z] >>> [apiv2][query] POST https://cloudresourcemanager.googleapis.com/v1/projects/discountmartapp-cc4bf:testIamPermissions [none]
[debug] [2025-09-07T19:01:18.061Z] >>> [apiv2][(partial)header] POST https://cloudresourcemanager.googleapis.com/v1/projects/discountmartapp-cc4bf:testIamPermissions x-goog-quota-user=projects/discountmartapp-cc4bf
[debug] [2025-09-07T19:01:18.061Z] >>> [apiv2][body] POST https://cloudresourcemanager.googleapis.com/v1/projects/discountmartapp-cc4bf:testIamPermissions {"permissions":["firebase.projects.get","firebasehosting.sites.update"]}
[debug] [2025-09-07T19:01:21.139Z] <<< [apiv2][status] POST https://cloudresourcemanager.googleapis.com/v1/projects/discountmartapp-cc4bf:testIamPermissions 200
[debug] [2025-09-07T19:01:21.140Z] <<< [apiv2][body] POST https://cloudresourcemanager.googleapis.com/v1/projects/discountmartapp-cc4bf:testIamPermissions {"permissions":["firebase.projects.get","firebasehosting.sites.update"]}
[debug] [2025-09-07T19:01:21.142Z] Checked if tokens are valid: true, expires at: 1757275277043
[debug] [2025-09-07T19:01:21.142Z] Checked if tokens are valid: true, expires at: 1757275277043
[debug] [2025-09-07T19:01:21.143Z] >>> [apiv2][query] GET https://firebase.googleapis.com/v1beta1/projects/discountmartapp-cc4bf [none]
[debug] [2025-09-07T19:01:22.193Z] <<< [apiv2][status] GET https://firebase.googleapis.com/v1beta1/projects/discountmartapp-cc4bf 200
[debug] [2025-09-07T19:01:22.195Z] <<< [apiv2][body] GET https://firebase.googleapis.com/v1beta1/projects/discountmartapp-cc4bf {"projectId":"discountmartapp-cc4bf","projectNumber":"299508835714","displayName":"Discountmartapp","name":"projects/discountmartapp-cc4bf","resources":{"hostingSite":"discountmartapp-cc4bf"},"state":"ACTIVE","etag":"1_96e23c05-27f2-4f53-8220-ab7f7db49172"}
[info] 
[info] === Deploying to 'discountmartapp-cc4bf'...
[info] 
[info] i  deploying hosting 
[debug] [2025-09-07T19:01:22.213Z] Checked if tokens are valid: true, expires at: 1757275277043
[debug] [2025-09-07T19:01:22.214Z] Checked if tokens are valid: true, expires at: 1757275277043
[debug] [2025-09-07T19:01:22.214Z] >>> [apiv2][query] POST https://firebasehosting.googleapis.com/v1beta1/projects/-/sites/discountmartapp-cc4bf/versions [none]
[debug] [2025-09-07T19:01:22.214Z] >>> [apiv2][body] POST https://firebasehosting.googleapis.com/v1beta1/projects/-/sites/discountmartapp-cc4bf/versions {"status":"CREATED","labels":{"deployment-tool":"cli-firebase"}}
[debug] [2025-09-07T19:01:24.782Z] <<< [apiv2][status] POST https://firebasehosting.googleapis.com/v1beta1/projects/-/sites/discountmartapp-cc4bf/versions 200
[debug] [2025-09-07T19:01:24.782Z] <<< [apiv2][body] POST https://firebasehosting.googleapis.com/v1beta1/projects/-/sites/discountmartapp-cc4bf/versions {"name":"projects/299508835714/sites/discountmartapp-cc4bf/versions/d464147f7f0efc14","status":"CREATED","config":{},"labels":{"deployment-tool":"cli-firebase"}}
[info] i  hosting[discountmartapp-cc4bf]: beginning deploy... 
[info] i  hosting[discountmartapp-cc4bf]: found 25 files in client/dist 
[debug] [2025-09-07T19:01:24.821Z] [hosting] uploading with 200 concurrency
[debug] [2025-09-07T19:01:24.976Z] Checked if tokens are valid: true, expires at: 1757275277043
[debug] [2025-09-07T19:01:24.977Z] Checked if tokens are valid: true, expires at: 1757275277043
[debug] [2025-09-07T19:01:24.978Z] [hosting] hash cache [Y2xpZW50L2Rpc3Q] stored for 25 files
[debug] [2025-09-07T19:01:24.978Z] [hosting][hash queue][FINAL] {"max":152,"min":34,"avg":50.16,"active":0,"complete":25,"success":25,"errored":0,"retried":0,"total":25,"elapsed":156}
[debug] [2025-09-07T19:01:24.979Z] >>> [apiv2][query] POST https://firebasehosting.googleapis.com/v1beta1/projects/299508835714/sites/discountmartapp-cc4bf/versions/d464147f7f0efc14:populateFiles [none]
[debug] [2025-09-07T19:01:24.979Z] >>> [apiv2][body] POST https://firebasehosting.googleapis.com/v1beta1/projects/299508835714/sites/discountmartapp-cc4bf/versions/d464147f7f0efc14:populateFiles {"files":{"/index.html":"a1bc5e5b965f05a1b872f6026b37a8ae61b95445f92cf256b0587a37920838c2","/favicon.ico":"6cfcbbc1f61a55dbfadf4b957399d3eaf3bfdb16eb65ed43560a82dde3bd685f","/assets/inter-vietnamese-400-normal-DMkecbls.woff2":"617acac0f9f159d07c67da6c466793a21daf4f32130cfd8ac1a1c3806593130c","/assets/inter-vietnamese-400-normal-Bbgyi5SW.woff":"4b45392576cd2d9e2cb78e5db018ca320eeb6c9e23dd48363fdd43e5291d1eae","/assets/inter-greek-ext-400-normal-XIH6-K3k.woff":"9610226e86dd1d71f9ae53468e651710b38736d2eb793408a33178a54228b567","/assets/inter-greek-400-normal-DxZsaF_h.woff2":"27ae8518183abc0f153c101f391231d3b208edc515f81e4fe68dc9c5c9dd492c","/assets/inter-greek-ext-400-normal-Bput3-QP.woff2":"6c7de200f85dbd7a4a64e5b42637f01309b86b7939766e84659c49f0392b03b7","/assets/inter-greek-400-normal-C3I71FoW.woff":"bae4c34c5390bf0efeaa1ff2a3002112678d58fd9b860366cfc98510e7598410","/assets/inter-cyrillic-400-normal-alAqRL36.woff":"9624c7b1e4bd5afc6f440b711168f185072a52cd67473feda8fd427b82ab0630","/assets/inter-cyrillic-ext-400-normal-Dc4VJyIJ.woff2":"e647d165aaac30fad23d81448d3d35baa3fde09950e56dd3bc3022f452211bc5","/assets/inter-cyrillic-400-normal-BLGc9T1a.woff2":"93c0a460df1463390e0b91c9830159289e936a846619bead958f747905564590","/assets/Home-COGSW9LQ.js":"e0f245734f783686d0cfc6d8d8299597a4216444043c3801aea0630424bb286b","/assets/Home-COGSW9LQ.js.map":"01e026abb7cc695fb6e4dec4bee6b57b7c8d7a4e4e4aedd7bd43645072368ae0","/assets/inter-cyrillic-ext-400-normal-BE2fNs0E.woff":"8726f7caaf62acc5c5eeb2926b3e37022f915aec9d0d673c9e5614f2856411e1","/assets/inter-latin-400-normal-CyCys3Eg.woff":"e3ea31c6962193220d3b204a3941daf16dd8a2962b8d0b4760469561a1973adc","/assets/inter-latin-400-normal-C38fXH4l.woff2":"0f915fe00a484b988ba7715a6aaa135d77516aad4a4c2d251530084e49c855c5","/assets/index-BF5JQAJP.css":"d6f725c2f2bc4ee03e0963d32f615bcfb0905da4b3f68b71a2376d317becff57","/assets/inter-latin-ext-400-normal-C1nco2VV.woff2":"60882d09041aabcb2122e88ebd3158774b93998f6c5731cafeeddd9f26a080da","/assets/inter-latin-ext-400-normal-77YHD8bZ.woff":"fa3f4d97f73f7a6b5be50f01a6b07f274e090ae0e3a9e96987f852c0768bf516","/assets/Checkout-bkYYcPEo.js":"b3f8bd3e12c0e42501dd94a127b63ad3b1e590cf766e4d6ed2d890b49b9739e9","/assets/index-CCCgHymJ.js":"815c0c95737f73b05ab8ba6c67b7c7bac6b8817f0f4e9b300740da645ceb37ed","/assets/vendor-CsfuMQlv.js":"825fdeba8fefb4800a69d8108f0a373855decaa1fbc26e07669bc5661c65f306","/assets/index-CCCgHymJ.js.map":"6144b86ae1dde92b6191a41d05b44faec2429d56bc6e0e22761792f6b26419e9","/assets/Checkout-bkYYcPEo.js.map":"0b7b091d5b109888685d0ed5cd67346c53c457a1db46fd920a5f4a7be36af6d8","/assets/vendor-CsfuMQlv.js.map":"93c83d01e56668bb8ed446d8d15dfe4cb71b6290b1b7ed0ef33edfb14b29ff77"}}
[debug] [2025-09-07T19:01:25.520Z] <<< [apiv2][status] POST https://firebasehosting.googleapis.com/v1beta1/projects/299508835714/sites/discountmartapp-cc4bf/versions/d464147f7f0efc14:populateFiles 200
[debug] [2025-09-07T19:01:25.521Z] <<< [apiv2][body] POST https://firebasehosting.googleapis.com/v1beta1/projects/299508835714/sites/discountmartapp-cc4bf/versions/d464147f7f0efc14:populateFiles {"uploadRequiredHashes":["6144b86ae1dde92b6191a41d05b44faec2429d56bc6e0e22761792f6b26419e9"],"uploadUrl":"https://upload-firebasehosting.googleapis.com/upload/sites/discountmartapp-cc4bf/versions/d464147f7f0efc14/files"}
[debug] [2025-09-07T19:01:25.524Z] Checked if tokens are valid: true, expires at: 1757275277043
[debug] [2025-09-07T19:01:25.524Z] Checked if tokens are valid: true, expires at: 1757275277043
[debug] [2025-09-07T19:01:25.524Z] >>> [apiv2][query] POST https://upload-firebasehosting.googleapis.com/upload/sites/discountmartapp-cc4bf/versions/d464147f7f0efc14/files/6144b86ae1dde92b6191a41d05b44faec2429d56bc6e0e22761792f6b26419e9 [none]
[debug] [2025-09-07T19:01:25.525Z] >>> [apiv2][body] POST https://upload-firebasehosting.googleapis.com/upload/sites/discountmartapp-cc4bf/versions/d464147f7f0efc14/files/6144b86ae1dde92b6191a41d05b44faec2429d56bc6e0e22761792f6b26419e9 [stream]
[debug] [2025-09-07T19:01:25.527Z] [hosting][populate queue][FINAL] {"max":548,"min":548,"avg":548,"active":0,"complete":1,"success":1,"errored":0,"retried":0,"total":1,"elapsed":551}
[debug] [2025-09-07T19:01:25.528Z] [hosting] uploads queued: 1
[info] i  hosting: uploading new files [0/1] (0%) 
[debug] [2025-09-07T19:01:28.456Z] <<< [apiv2][status] POST https://upload-firebasehosting.googleapis.com/upload/sites/discountmartapp-cc4bf/versions/d464147f7f0efc14/files/6144b86ae1dde92b6191a41d05b44faec2429d56bc6e0e22761792f6b26419e9 200
[debug] [2025-09-07T19:01:28.456Z] <<< [apiv2][body] POST https://upload-firebasehosting.googleapis.com/upload/sites/discountmartapp-cc4bf/versions/d464147f7f0efc14/files/6144b86ae1dde92b6191a41d05b44faec2429d56bc6e0e22761792f6b26419e9 [stream]
[debug] [2025-09-07T19:01:28.457Z] [hosting][upload queue][FINAL] {"max":2934,"min":2934,"avg":2934,"active":0,"complete":1,"success":1,"errored":0,"retried":0,"total":1,"elapsed":2935}
[info] i  hosting: upload complete 
[info] ✔  hosting[discountmartapp-cc4bf]: file upload complete 
[debug] [2025-09-07T19:01:28.457Z] [hosting] deploy completed after 3652ms
[debug] [2025-09-07T19:01:28.458Z] [
  {
    "config": {
      "public": "client/dist",
      "ignore": [
        "firebase.json",
        "**/.*",
        "**/node_modules/**"
      ],
      "rewrites": [
        {
          "source": "**",
          "destination": "/index.html"
        }
      ],
      "site": "discountmartapp-cc4bf"
    },
    "version": "projects/299508835714/sites/discountmartapp-cc4bf/versions/d464147f7f0efc14"
  }
]
[info] i  hosting[discountmartapp-cc4bf]: finalizing version... 
[debug] [2025-09-07T19:01:28.460Z] Checked if tokens are valid: true, expires at: 1757275277043
[debug] [2025-09-07T19:01:28.460Z] Checked if tokens are valid: true, expires at: 1757275277043
[debug] [2025-09-07T19:01:28.462Z] >>> [apiv2][query] PATCH https://firebasehosting.googleapis.com/v1beta1/projects/-/sites/discountmartapp-cc4bf/versions/d464147f7f0efc14 updateMask=status%2Cconfig
[debug] [2025-09-07T19:01:28.462Z] >>> [apiv2][body] PATCH https://firebasehosting.googleapis.com/v1beta1/projects/-/sites/discountmartapp-cc4bf/versions/d464147f7f0efc14 {"status":"FINALIZED","config":{"rewrites":[{"glob":"**","path":"/index.html"}]}}
[debug] [2025-09-07T19:01:28.941Z] <<< [apiv2][status] PATCH https://firebasehosting.googleapis.com/v1beta1/projects/-/sites/discountmartapp-cc4bf/versions/d464147f7f0efc14 200
[debug] [2025-09-07T19:01:28.941Z] <<< [apiv2][body] PATCH https://firebasehosting.googleapis.com/v1beta1/projects/-/sites/discountmartapp-cc4bf/versions/d464147f7f0efc14 {"name":"projects/299508835714/sites/discountmartapp-cc4bf/versions/d464147f7f0efc14","status":"FINALIZED","config":{"rewrites":[{"glob":"**","path":"/index.html"}]},"labels":{"deployment-tool":"cli-firebase"},"createTime":"2025-09-07T19:01:24.191241Z","createUser":{"email":"mugabetrinity@gmail.com"},"finalizeTime":"2025-09-07T19:01:28.520983Z","finalizeUser":{"email":"mugabetrinity@gmail.com"}}
[debug] [2025-09-07T19:01:28.942Z] [hosting] finalized version for discountmartapp-cc4bf:[object Object]
[info] ✔  hosting[discountmartapp-cc4bf]: version finalized 
[info] i  hosting[discountmartapp-cc4bf]: releasing new version... 
[debug] [2025-09-07T19:01:28.942Z] Checked if tokens are valid: true, expires at: 1757275277043
[debug] [2025-09-07T19:01:28.942Z] Checked if tokens are valid: true, expires at: 1757275277043
[debug] [2025-09-07T19:01:28.942Z] >>> [apiv2][query] POST https://firebasehosting.googleapis.com/v1beta1/projects/-/sites/discountmartapp-cc4bf/channels/live/releases versionName=projects%2F299508835714%2Fsites%2Fdiscountmartapp-cc4bf%2Fversions%2Fd464147f7f0efc14
[debug] [2025-09-07T19:01:28.942Z] >>> [apiv2][body] POST https://firebasehosting.googleapis.com/v1beta1/projects/-/sites/discountmartapp-cc4bf/channels/live/releases {}
[debug] [2025-09-07T19:01:29.449Z] <<< [apiv2][status] POST https://firebasehosting.googleapis.com/v1beta1/projects/-/sites/discountmartapp-cc4bf/channels/live/releases 200
[debug] [2025-09-07T19:01:29.449Z] <<< [apiv2][body] POST https://firebasehosting.googleapis.com/v1beta1/projects/-/sites/discountmartapp-cc4bf/channels/live/releases {"name":"projects/299508835714/sites/discountmartapp-cc4bf/channels/live/releases/1757271688493000","version":{"name":"projects/299508835714/sites/discountmartapp-cc4bf/versions/d464147f7f0efc14","status":"FINALIZED","config":{"rewrites":[{"glob":"**","path":"/index.html"}]},"labels":{"deployment-tool":"cli-firebase"},"createTime":"2025-09-07T19:01:24.191241Z","createUser":{"email":"mugabetrinity@gmail.com","imageUrl":"https://lh3.googleusercontent.com/a/ACg8ocJUU-YkeYdEq4ZwWtKBC4WpLsH4qG5JCMtD246-mRW5cshwMw=mo"},"finalizeTime":"2025-09-07T19:01:28.520983Z","finalizeUser":{"email":"mugabetrinity@gmail.com","imageUrl":"https://lh3.googleusercontent.com/a/ACg8ocJUU-YkeYdEq4ZwWtKBC4WpLsH4qG5JCMtD246-mRW5cshwMw=mo"}},"type":"DEPLOY","releaseTime":"2025-09-07T19:01:28.493Z","releaseUser":{"email":"mugabetrinity@gmail.com","imageUrl":"https://lh3.googleusercontent.com/a/ACg8ocJUU-YkeYdEq4ZwWtKBC4WpLsH4qG5JCMtD246-mRW5cshwMw=mo"}}
[debug] [2025-09-07T19:01:29.450Z] [hosting] release: {"name":"projects/299508835714/sites/discountmartapp-cc4bf/channels/live/releases/1757271688493000","version":{"name":"projects/299508835714/sites/discountmartapp-cc4bf/versions/d464147f7f0efc14","status":"FINALIZED","config":{"rewrites":[{"glob":"**","path":"/index.html"}]},"labels":{"deployment-tool":"cli-firebase"},"createTime":"2025-09-07T19:01:24.191241Z","createUser":{"email":"mugabetrinity@gmail.com","imageUrl":"https://lh3.googleusercontent.com/a/ACg8ocJUU-YkeYdEq4ZwWtKBC4WpLsH4qG5JCMtD246-mRW5cshwMw=mo"},"finalizeTime":"2025-09-07T19:01:28.520983Z","finalizeUser":{"email":"mugabetrinity@gmail.com","imageUrl":"https://lh3.googleusercontent.com/a/ACg8ocJUU-YkeYdEq4ZwWtKBC4WpLsH4qG5JCMtD246-mRW5cshwMw=mo"}},"type":"DEPLOY","releaseTime":"2025-09-07T19:01:28.493Z","releaseUser":{"email":"mugabetrinity@gmail.com","imageUrl":"https://lh3.googleusercontent.com/a/ACg8ocJUU-YkeYdEq4ZwWtKBC4WpLsH4qG5JCMtD246-mRW5cshwMw=mo"}}
[info] ✔  hosting[discountmartapp-cc4bf]: release complete 
[info] 
[info] ✔  Deploy complete! 
[info] 
[info] Project Console: https://console.firebase.google.com/project/discountmartapp-cc4bf/overview
[info] Hosting URL: https://discountmartapp-cc4bf.web.app
[debug] [2025-09-07T19:09:27.759Z] ----------------------------------------------------------------------
[debug] [2025-09-07T19:09:27.762Z] Command:       /home/trinity/.nvm/versions/node/v22.15.0/bin/node /mnt/c/Users/HELLO HOME TECH/AppData/Roaming/npm/node_modules/firebase-tools/lib/bin/firebase.js deploy --only hosting
[debug] [2025-09-07T19:09:27.763Z] CLI Version:   14.15.1
[debug] [2025-09-07T19:09:27.763Z] Platform:      linux
[debug] [2025-09-07T19:09:27.764Z] Node Version:  v22.15.0
[debug] [2025-09-07T19:09:27.764Z] Time:          Sun Sep 07 2025 21:09:27 GMT+0200 (South Africa Standard Time)
[debug] [2025-09-07T19:09:27.765Z] ----------------------------------------------------------------------
[debug] 
[debug] [2025-09-07T19:09:28.118Z] > command requires scopes: ["email","openid","https://www.googleapis.com/auth/cloudplatformprojects.readonly","https://www.googleapis.com/auth/firebase","https://www.googleapis.com/auth/cloud-platform"]
[debug] [2025-09-07T19:09:28.119Z] > authorizing via signed-in user (mugabetrinity@gmail.com)
[debug] [2025-09-07T19:09:28.120Z] [iam] checking project discountmartapp-cc4bf for permissions ["firebase.projects.get","firebasehosting.sites.update"]
[debug] [2025-09-07T19:09:28.121Z] Checked if tokens are valid: true, expires at: 1757275277043
[debug] [2025-09-07T19:09:28.121Z] Checked if tokens are valid: true, expires at: 1757275277043
[debug] [2025-09-07T19:09:28.122Z] >>> [apiv2][query] POST https://cloudresourcemanager.googleapis.com/v1/projects/discountmartapp-cc4bf:testIamPermissions [none]
[debug] [2025-09-07T19:09:28.123Z] >>> [apiv2][(partial)header] POST https://cloudresourcemanager.googleapis.com/v1/projects/discountmartapp-cc4bf:testIamPermissions x-goog-quota-user=projects/discountmartapp-cc4bf
[debug] [2025-09-07T19:09:28.123Z] >>> [apiv2][body] POST https://cloudresourcemanager.googleapis.com/v1/projects/discountmartapp-cc4bf:testIamPermissions {"permissions":["firebase.projects.get","firebasehosting.sites.update"]}
[debug] [2025-09-07T19:09:30.682Z] <<< [apiv2][status] POST https://cloudresourcemanager.googleapis.com/v1/projects/discountmartapp-cc4bf:testIamPermissions 200
[debug] [2025-09-07T19:09:30.684Z] <<< [apiv2][body] POST https://cloudresourcemanager.googleapis.com/v1/projects/discountmartapp-cc4bf:testIamPermissions {"permissions":["firebase.projects.get","firebasehosting.sites.update"]}
[debug] [2025-09-07T19:09:30.685Z] Checked if tokens are valid: true, expires at: 1757275277043
[debug] [2025-09-07T19:09:30.686Z] Checked if tokens are valid: true, expires at: 1757275277043
[debug] [2025-09-07T19:09:30.686Z] >>> [apiv2][query] GET https://firebase.googleapis.com/v1beta1/projects/discountmartapp-cc4bf [none]
[debug] [2025-09-07T19:09:31.812Z] <<< [apiv2][status] GET https://firebase.googleapis.com/v1beta1/projects/discountmartapp-cc4bf 200
[debug] [2025-09-07T19:09:31.812Z] <<< [apiv2][body] GET https://firebase.googleapis.com/v1beta1/projects/discountmartapp-cc4bf {"projectId":"discountmartapp-cc4bf","projectNumber":"299508835714","displayName":"Discountmartapp","name":"projects/discountmartapp-cc4bf","resources":{"hostingSite":"discountmartapp-cc4bf"},"state":"ACTIVE","etag":"1_96e23c05-27f2-4f53-8220-ab7f7db49172"}
[info] 
[info] === Deploying to 'discountmartapp-cc4bf'...
[info] 
[info] i  deploying hosting 
[debug] [2025-09-07T19:09:31.819Z] Checked if tokens are valid: true, expires at: 1757275277043
[debug] [2025-09-07T19:09:31.820Z] Checked if tokens are valid: true, expires at: 1757275277043
[debug] [2025-09-07T19:09:31.820Z] >>> [apiv2][query] POST https://firebasehosting.googleapis.com/v1beta1/projects/-/sites/discountmartapp-cc4bf/versions [none]
[debug] [2025-09-07T19:09:31.820Z] >>> [apiv2][body] POST https://firebasehosting.googleapis.com/v1beta1/projects/-/sites/discountmartapp-cc4bf/versions {"status":"CREATED","labels":{"deployment-tool":"cli-firebase"}}
[debug] [2025-09-07T19:09:34.675Z] <<< [apiv2][status] POST https://firebasehosting.googleapis.com/v1beta1/projects/-/sites/discountmartapp-cc4bf/versions 200
[debug] [2025-09-07T19:09:34.676Z] <<< [apiv2][body] POST https://firebasehosting.googleapis.com/v1beta1/projects/-/sites/discountmartapp-cc4bf/versions {"name":"projects/299508835714/sites/discountmartapp-cc4bf/versions/0874273287b93d73","status":"CREATED","config":{},"labels":{"deployment-tool":"cli-firebase"}}
[info] i  hosting[discountmartapp-cc4bf]: beginning deploy... 
[info] i  hosting[discountmartapp-cc4bf]: found 25 files in client/dist 
[debug] [2025-09-07T19:09:34.705Z] [hosting] uploading with 200 concurrency
[debug] [2025-09-07T19:09:34.879Z] Checked if tokens are valid: true, expires at: 1757275277043
[debug] [2025-09-07T19:09:34.880Z] Checked if tokens are valid: true, expires at: 1757275277043
[debug] [2025-09-07T19:09:34.881Z] [hosting] hash cache [Y2xpZW50L2Rpc3Q] stored for 25 files
[debug] [2025-09-07T19:09:34.881Z] [hosting][hash queue][FINAL] {"max":167,"min":27,"avg":43.68,"active":0,"complete":25,"success":25,"errored":0,"retried":0,"total":25,"elapsed":174}
[debug] [2025-09-07T19:09:34.882Z] >>> [apiv2][query] POST https://firebasehosting.googleapis.com/v1beta1/projects/299508835714/sites/discountmartapp-cc4bf/versions/0874273287b93d73:populateFiles [none]
[debug] [2025-09-07T19:09:34.882Z] >>> [apiv2][body] POST https://firebasehosting.googleapis.com/v1beta1/projects/299508835714/sites/discountmartapp-cc4bf/versions/0874273287b93d73:populateFiles {"files":{"/favicon.ico":"6cfcbbc1f61a55dbfadf4b957399d3eaf3bfdb16eb65ed43560a82dde3bd685f","/index.html":"5cf1471a54c8ed762c356a90a194ae3056ad2f317472c810ac30b325ac1fa893","/assets/inter-vietnamese-400-normal-Bbgyi5SW.woff":"4b45392576cd2d9e2cb78e5db018ca320eeb6c9e23dd48363fdd43e5291d1eae","/assets/inter-vietnamese-400-normal-DMkecbls.woff2":"617acac0f9f159d07c67da6c466793a21daf4f32130cfd8ac1a1c3806593130c","/assets/inter-greek-ext-400-normal-Bput3-QP.woff2":"6c7de200f85dbd7a4a64e5b42637f01309b86b7939766e84659c49f0392b03b7","/assets/inter-greek-ext-400-normal-XIH6-K3k.woff":"9610226e86dd1d71f9ae53468e651710b38736d2eb793408a33178a54228b567","/assets/inter-greek-400-normal-DxZsaF_h.woff2":"27ae8518183abc0f153c101f391231d3b208edc515f81e4fe68dc9c5c9dd492c","/assets/inter-greek-400-normal-C3I71FoW.woff":"bae4c34c5390bf0efeaa1ff2a3002112678d58fd9b860366cfc98510e7598410","/assets/inter-cyrillic-ext-400-normal-Dc4VJyIJ.woff2":"e647d165aaac30fad23d81448d3d35baa3fde09950e56dd3bc3022f452211bc5","/assets/inter-cyrillic-ext-400-normal-BE2fNs0E.woff":"8726f7caaf62acc5c5eeb2926b3e37022f915aec9d0d673c9e5614f2856411e1","/assets/inter-cyrillic-400-normal-alAqRL36.woff":"9624c7b1e4bd5afc6f440b711168f185072a52cd67473feda8fd427b82ab0630","/assets/inter-cyrillic-400-normal-BLGc9T1a.woff2":"93c0a460df1463390e0b91c9830159289e936a846619bead958f747905564590","/assets/Home--dWXx5nu.js.map":"891637de2c82d34a4cd487a2efe2325ea274c67b30a4c96fe9486d98cd191d31","/assets/Home--dWXx5nu.js":"cb570b25e376de16af08c1d7d1c69abe9794bcd0169490e6e4dd825cfb9d9cf6","/assets/inter-latin-400-normal-CyCys3Eg.woff":"e3ea31c6962193220d3b204a3941daf16dd8a2962b8d0b4760469561a1973adc","/assets/inter-latin-400-normal-C38fXH4l.woff2":"0f915fe00a484b988ba7715a6aaa135d77516aad4a4c2d251530084e49c855c5","/assets/index-PTl7nseo.css":"8190060078b7ea9dcad57dfa7856b09023776cc18368988ac8b9efd1971ba1d9","/assets/inter-latin-ext-400-normal-77YHD8bZ.woff":"fa3f4d97f73f7a6b5be50f01a6b07f274e090ae0e3a9e96987f852c0768bf516","/assets/inter-latin-ext-400-normal-C1nco2VV.woff2":"60882d09041aabcb2122e88ebd3158774b93998f6c5731cafeeddd9f26a080da","/assets/Checkout-DFrDNP5_.js":"f60140c16b5b0540f3b23fba6a0acce0ee7fbab94a383a228e6befdd0d206efc","/assets/vendor-DYYwmgDU.js":"7476c95ba284f5e107c30b014732fdb3a755dc6afe16e67e4496fffe1f46995a","/assets/index-CVUuAutO.js":"ff13640aca0a16bf83b7cf4d0961f62a8c5fee885ec203b996f899921db98902","/assets/Checkout-DFrDNP5_.js.map":"4cc5ca0502c1a3d5c953645eb08361e47159fddda948e0111bf02f435a9146a4","/assets/vendor-DYYwmgDU.js.map":"6d2d3b0579835af3d714f06f8996e510d43e4d0ef0f100cf9b50687d33a63480","/assets/index-CVUuAutO.js.map":"f8ac4346d96871efa4ea59f8026f28bec296c8c8f260d8a43de9bb95f4ac1050"}}
[debug] [2025-09-07T19:09:35.407Z] <<< [apiv2][status] POST https://firebasehosting.googleapis.com/v1beta1/projects/299508835714/sites/discountmartapp-cc4bf/versions/0874273287b93d73:populateFiles 200
[debug] [2025-09-07T19:09:35.409Z] <<< [apiv2][body] POST https://firebasehosting.googleapis.com/v1beta1/projects/299508835714/sites/discountmartapp-cc4bf/versions/0874273287b93d73:populateFiles {"uploadRequiredHashes":["5cf1471a54c8ed762c356a90a194ae3056ad2f317472c810ac30b325ac1fa893","4cc5ca0502c1a3d5c953645eb08361e47159fddda948e0111bf02f435a9146a4","f8ac4346d96871efa4ea59f8026f28bec296c8c8f260d8a43de9bb95f4ac1050","cb570b25e376de16af08c1d7d1c69abe9794bcd0169490e6e4dd825cfb9d9cf6","891637de2c82d34a4cd487a2efe2325ea274c67b30a4c96fe9486d98cd191d31","f60140c16b5b0540f3b23fba6a0acce0ee7fbab94a383a228e6befdd0d206efc","ff13640aca0a16bf83b7cf4d0961f62a8c5fee885ec203b996f899921db98902"],"uploadUrl":"https://upload-firebasehosting.googleapis.com/upload/sites/discountmartapp-cc4bf/versions/0874273287b93d73/files"}
[debug] [2025-09-07T19:09:35.412Z] Checked if tokens are valid: true, expires at: 1757275277043
[debug] [2025-09-07T19:09:35.413Z] Checked if tokens are valid: true, expires at: 1757275277043
[debug] [2025-09-07T19:09:35.415Z] Checked if tokens are valid: true, expires at: 1757275277043
[debug] [2025-09-07T19:09:35.415Z] Checked if tokens are valid: true, expires at: 1757275277043
[debug] [2025-09-07T19:09:35.417Z] Checked if tokens are valid: true, expires at: 1757275277043
[debug] [2025-09-07T19:09:35.418Z] Checked if tokens are valid: true, expires at: 1757275277043
[debug] [2025-09-07T19:09:35.419Z] Checked if tokens are valid: true, expires at: 1757275277043
[debug] [2025-09-07T19:09:35.420Z] Checked if tokens are valid: true, expires at: 1757275277043
[debug] [2025-09-07T19:09:35.421Z] Checked if tokens are valid: true, expires at: 1757275277043
[debug] [2025-09-07T19:09:35.422Z] Checked if tokens are valid: true, expires at: 1757275277043
[debug] [2025-09-07T19:09:35.424Z] Checked if tokens are valid: true, expires at: 1757275277043
[debug] [2025-09-07T19:09:35.425Z] Checked if tokens are valid: true, expires at: 1757275277043
[debug] [2025-09-07T19:09:35.426Z] Checked if tokens are valid: true, expires at: 1757275277043
[debug] [2025-09-07T19:09:35.426Z] Checked if tokens are valid: true, expires at: 1757275277043
[debug] [2025-09-07T19:09:35.427Z] >>> [apiv2][query] POST https://upload-firebasehosting.googleapis.com/upload/sites/discountmartapp-cc4bf/versions/0874273287b93d73/files/5cf1471a54c8ed762c356a90a194ae3056ad2f317472c810ac30b325ac1fa893 [none]
[debug] [2025-09-07T19:09:35.428Z] >>> [apiv2][body] POST https://upload-firebasehosting.googleapis.com/upload/sites/discountmartapp-cc4bf/versions/0874273287b93d73/files/5cf1471a54c8ed762c356a90a194ae3056ad2f317472c810ac30b325ac1fa893 [stream]
[debug] [2025-09-07T19:09:35.432Z] >>> [apiv2][query] POST https://upload-firebasehosting.googleapis.com/upload/sites/discountmartapp-cc4bf/versions/0874273287b93d73/files/4cc5ca0502c1a3d5c953645eb08361e47159fddda948e0111bf02f435a9146a4 [none]
[debug] [2025-09-07T19:09:35.432Z] >>> [apiv2][body] POST https://upload-firebasehosting.googleapis.com/upload/sites/discountmartapp-cc4bf/versions/0874273287b93d73/files/4cc5ca0502c1a3d5c953645eb08361e47159fddda948e0111bf02f435a9146a4 [stream]
[debug] [2025-09-07T19:09:35.436Z] >>> [apiv2][query] POST https://upload-firebasehosting.googleapis.com/upload/sites/discountmartapp-cc4bf/versions/0874273287b93d73/files/f8ac4346d96871efa4ea59f8026f28bec296c8c8f260d8a43de9bb95f4ac1050 [none]
[debug] [2025-09-07T19:09:35.436Z] >>> [apiv2][body] POST https://upload-firebasehosting.googleapis.com/upload/sites/discountmartapp-cc4bf/versions/0874273287b93d73/files/f8ac4346d96871efa4ea59f8026f28bec296c8c8f260d8a43de9bb95f4ac1050 [stream]
[debug] [2025-09-07T19:09:35.440Z] >>> [apiv2][query] POST https://upload-firebasehosting.googleapis.com/upload/sites/discountmartapp-cc4bf/versions/0874273287b93d73/files/cb570b25e376de16af08c1d7d1c69abe9794bcd0169490e6e4dd825cfb9d9cf6 [none]
[debug] [2025-09-07T19:09:35.441Z] >>> [apiv2][body] POST https://upload-firebasehosting.googleapis.com/upload/sites/discountmartapp-cc4bf/versions/0874273287b93d73/files/cb570b25e376de16af08c1d7d1c69abe9794bcd0169490e6e4dd825cfb9d9cf6 [stream]
[debug] [2025-09-07T19:09:35.443Z] >>> [apiv2][query] POST https://upload-firebasehosting.googleapis.com/upload/sites/discountmartapp-cc4bf/versions/0874273287b93d73/files/891637de2c82d34a4cd487a2efe2325ea274c67b30a4c96fe9486d98cd191d31 [none]
[debug] [2025-09-07T19:09:35.443Z] >>> [apiv2][body] POST https://upload-firebasehosting.googleapis.com/upload/sites/discountmartapp-cc4bf/versions/0874273287b93d73/files/891637de2c82d34a4cd487a2efe2325ea274c67b30a4c96fe9486d98cd191d31 [stream]
[debug] [2025-09-07T19:09:35.446Z] >>> [apiv2][query] POST https://upload-firebasehosting.googleapis.com/upload/sites/discountmartapp-cc4bf/versions/0874273287b93d73/files/f60140c16b5b0540f3b23fba6a0acce0ee7fbab94a383a228e6befdd0d206efc [none]
[debug] [2025-09-07T19:09:35.446Z] >>> [apiv2][body] POST https://upload-firebasehosting.googleapis.com/upload/sites/discountmartapp-cc4bf/versions/0874273287b93d73/files/f60140c16b5b0540f3b23fba6a0acce0ee7fbab94a383a228e6befdd0d206efc [stream]
[debug] [2025-09-07T19:09:35.448Z] >>> [apiv2][query] POST https://upload-firebasehosting.googleapis.com/upload/sites/discountmartapp-cc4bf/versions/0874273287b93d73/files/ff13640aca0a16bf83b7cf4d0961f62a8c5fee885ec203b996f899921db98902 [none]
[debug] [2025-09-07T19:09:35.448Z] >>> [apiv2][body] POST https://upload-firebasehosting.googleapis.com/upload/sites/discountmartapp-cc4bf/versions/0874273287b93d73/files/ff13640aca0a16bf83b7cf4d0961f62a8c5fee885ec203b996f899921db98902 [stream]
[debug] [2025-09-07T19:09:35.449Z] [hosting][populate queue][FINAL] {"max":548,"min":548,"avg":548,"active":0,"complete":1,"success":1,"errored":0,"retried":0,"total":1,"elapsed":570}
[debug] [2025-09-07T19:09:35.450Z] [hosting] uploads queued: 7
[info] i  hosting: uploading new files [0/7] (0%) 
[debug] [2025-09-07T19:09:37.653Z] <<< [apiv2][status] POST https://upload-firebasehosting.googleapis.com/upload/sites/discountmartapp-cc4bf/versions/0874273287b93d73/files/891637de2c82d34a4cd487a2efe2325ea274c67b30a4c96fe9486d98cd191d31 200
[debug] [2025-09-07T19:09:37.654Z] <<< [apiv2][body] POST https://upload-firebasehosting.googleapis.com/upload/sites/discountmartapp-cc4bf/versions/0874273287b93d73/files/891637de2c82d34a4cd487a2efe2325ea274c67b30a4c96fe9486d98cd191d31 [stream]
[debug] [2025-09-07T19:09:37.765Z] <<< [apiv2][status] POST https://upload-firebasehosting.googleapis.com/upload/sites/discountmartapp-cc4bf/versions/0874273287b93d73/files/5cf1471a54c8ed762c356a90a194ae3056ad2f317472c810ac30b325ac1fa893 200
[debug] [2025-09-07T19:09:37.766Z] <<< [apiv2][body] POST https://upload-firebasehosting.googleapis.com/upload/sites/discountmartapp-cc4bf/versions/0874273287b93d73/files/5cf1471a54c8ed762c356a90a194ae3056ad2f317472c810ac30b325ac1fa893 [stream]
[debug] [2025-09-07T19:09:37.860Z] <<< [apiv2][status] POST https://upload-firebasehosting.googleapis.com/upload/sites/discountmartapp-cc4bf/versions/0874273287b93d73/files/ff13640aca0a16bf83b7cf4d0961f62a8c5fee885ec203b996f899921db98902 200
[debug] [2025-09-07T19:09:37.861Z] <<< [apiv2][body] POST https://upload-firebasehosting.googleapis.com/upload/sites/discountmartapp-cc4bf/versions/0874273287b93d73/files/ff13640aca0a16bf83b7cf4d0961f62a8c5fee885ec203b996f899921db98902 [stream]
[debug] [2025-09-07T19:09:38.178Z] <<< [apiv2][status] POST https://upload-firebasehosting.googleapis.com/upload/sites/discountmartapp-cc4bf/versions/0874273287b93d73/files/cb570b25e376de16af08c1d7d1c69abe9794bcd0169490e6e4dd825cfb9d9cf6 200
[debug] [2025-09-07T19:09:38.179Z] <<< [apiv2][body] POST https://upload-firebasehosting.googleapis.com/upload/sites/discountmartapp-cc4bf/versions/0874273287b93d73/files/cb570b25e376de16af08c1d7d1c69abe9794bcd0169490e6e4dd825cfb9d9cf6 [stream]
[debug] [2025-09-07T19:09:38.270Z] <<< [apiv2][status] POST https://upload-firebasehosting.googleapis.com/upload/sites/discountmartapp-cc4bf/versions/0874273287b93d73/files/f60140c16b5b0540f3b23fba6a0acce0ee7fbab94a383a228e6befdd0d206efc 200
[debug] [2025-09-07T19:09:38.271Z] <<< [apiv2][body] POST https://upload-firebasehosting.googleapis.com/upload/sites/discountmartapp-cc4bf/versions/0874273287b93d73/files/f60140c16b5b0540f3b23fba6a0acce0ee7fbab94a383a228e6befdd0d206efc [stream]
[debug] [2025-09-07T19:09:38.400Z] <<< [apiv2][status] POST https://upload-firebasehosting.googleapis.com/upload/sites/discountmartapp-cc4bf/versions/0874273287b93d73/files/f8ac4346d96871efa4ea59f8026f28bec296c8c8f260d8a43de9bb95f4ac1050 200
[debug] [2025-09-07T19:09:38.400Z] <<< [apiv2][body] POST https://upload-firebasehosting.googleapis.com/upload/sites/discountmartapp-cc4bf/versions/0874273287b93d73/files/f8ac4346d96871efa4ea59f8026f28bec296c8c8f260d8a43de9bb95f4ac1050 [stream]
[debug] [2025-09-07T19:09:38.411Z] <<< [apiv2][status] POST https://upload-firebasehosting.googleapis.com/upload/sites/discountmartapp-cc4bf/versions/0874273287b93d73/files/4cc5ca0502c1a3d5c953645eb08361e47159fddda948e0111bf02f435a9146a4 200
[debug] [2025-09-07T19:09:38.411Z] <<< [apiv2][body] POST https://upload-firebasehosting.googleapis.com/upload/sites/discountmartapp-cc4bf/versions/0874273287b93d73/files/4cc5ca0502c1a3d5c953645eb08361e47159fddda948e0111bf02f435a9146a4 [stream]
[debug] [2025-09-07T19:09:38.411Z] [hosting][upload queue][FINAL] {"max":2997,"min":2235,"avg":2659.8571428571427,"active":0,"complete":7,"success":7,"errored":0,"retried":0,"total":7,"elapsed":3001}
[info] i  hosting: upload complete 
[info] ✔  hosting[discountmartapp-cc4bf]: file upload complete 
[debug] [2025-09-07T19:09:38.412Z] [hosting] deploy completed after 3721ms
[debug] [2025-09-07T19:09:38.412Z] [
  {
    "config": {
      "public": "client/dist",
      "ignore": [
        "firebase.json",
        "**/.*",
        "**/node_modules/**"
      ],
      "rewrites": [
        {
          "source": "**",
          "destination": "/index.html"
        }
      ],
      "site": "discountmartapp-cc4bf"
    },
    "version": "projects/299508835714/sites/discountmartapp-cc4bf/versions/0874273287b93d73"
  }
]
[info] i  hosting[discountmartapp-cc4bf]: finalizing version... 
[debug] [2025-09-07T19:09:38.414Z] Checked if tokens are valid: true, expires at: 1757275277043
[debug] [2025-09-07T19:09:38.414Z] Checked if tokens are valid: true, expires at: 1757275277043
[debug] [2025-09-07T19:09:38.414Z] >>> [apiv2][query] PATCH https://firebasehosting.googleapis.com/v1beta1/projects/-/sites/discountmartapp-cc4bf/versions/0874273287b93d73 updateMask=status%2Cconfig
[debug] [2025-09-07T19:09:38.415Z] >>> [apiv2][body] PATCH https://firebasehosting.googleapis.com/v1beta1/projects/-/sites/discountmartapp-cc4bf/versions/0874273287b93d73 {"status":"FINALIZED","config":{"rewrites":[{"glob":"**","path":"/index.html"}]}}
[debug] [2025-09-07T19:09:38.905Z] <<< [apiv2][status] PATCH https://firebasehosting.googleapis.com/v1beta1/projects/-/sites/discountmartapp-cc4bf/versions/0874273287b93d73 200
[debug] [2025-09-07T19:09:38.907Z] <<< [apiv2][body] PATCH https://firebasehosting.googleapis.com/v1beta1/projects/-/sites/discountmartapp-cc4bf/versions/0874273287b93d73 {"name":"projects/299508835714/sites/discountmartapp-cc4bf/versions/0874273287b93d73","status":"FINALIZED","config":{"rewrites":[{"glob":"**","path":"/index.html"}]},"labels":{"deployment-tool":"cli-firebase"},"createTime":"2025-09-07T19:09:34.047811Z","createUser":{"email":"mugabetrinity@gmail.com"},"finalizeTime":"2025-09-07T19:09:38.535028Z","finalizeUser":{"email":"mugabetrinity@gmail.com"}}
[debug] [2025-09-07T19:09:38.907Z] [hosting] finalized version for discountmartapp-cc4bf:[object Object]
[info] ✔  hosting[discountmartapp-cc4bf]: version finalized 
[info] i  hosting[discountmartapp-cc4bf]: releasing new version... 
[debug] [2025-09-07T19:09:38.909Z] Checked if tokens are valid: true, expires at: 1757275277043
[debug] [2025-09-07T19:09:38.910Z] Checked if tokens are valid: true, expires at: 1757275277043
[debug] [2025-09-07T19:09:38.911Z] >>> [apiv2][query] POST https://firebasehosting.googleapis.com/v1beta1/projects/-/sites/discountmartapp-cc4bf/channels/live/releases versionName=projects%2F299508835714%2Fsites%2Fdiscountmartapp-cc4bf%2Fversions%2F0874273287b93d73
[debug] [2025-09-07T19:09:38.912Z] >>> [apiv2][body] POST https://firebasehosting.googleapis.com/v1beta1/projects/-/sites/discountmartapp-cc4bf/channels/live/releases {}
[debug] [2025-09-07T19:09:39.549Z] <<< [apiv2][status] POST https://firebasehosting.googleapis.com/v1beta1/projects/-/sites/discountmartapp-cc4bf/channels/live/releases 200
[debug] [2025-09-07T19:09:39.549Z] <<< [apiv2][body] POST https://firebasehosting.googleapis.com/v1beta1/projects/-/sites/discountmartapp-cc4bf/channels/live/releases {"name":"projects/299508835714/sites/discountmartapp-cc4bf/channels/live/releases/1757272178573000","version":{"name":"projects/299508835714/sites/discountmartapp-cc4bf/versions/0874273287b93d73","status":"FINALIZED","config":{"rewrites":[{"glob":"**","path":"/index.html"}]},"labels":{"deployment-tool":"cli-firebase"},"createTime":"2025-09-07T19:09:34.047811Z","createUser":{"email":"mugabetrinity@gmail.com","imageUrl":"https://lh3.googleusercontent.com/a/ACg8ocJUU-YkeYdEq4ZwWtKBC4WpLsH4qG5JCMtD246-mRW5cshwMw=mo"},"finalizeTime":"2025-09-07T19:09:38.535028Z","finalizeUser":{"email":"mugabetrinity@gmail.com","imageUrl":"https://lh3.googleusercontent.com/a/ACg8ocJUU-YkeYdEq4ZwWtKBC4WpLsH4qG5JCMtD246-mRW5cshwMw=mo"}},"type":"DEPLOY","releaseTime":"2025-09-07T19:09:38.573Z","releaseUser":{"email":"mugabetrinity@gmail.com","imageUrl":"https://lh3.googleusercontent.com/a/ACg8ocJUU-YkeYdEq4ZwWtKBC4WpLsH4qG5JCMtD246-mRW5cshwMw=mo"}}
[debug] [2025-09-07T19:09:39.550Z] [hosting] release: {"name":"projects/299508835714/sites/discountmartapp-cc4bf/channels/live/releases/1757272178573000","version":{"name":"projects/299508835714/sites/discountmartapp-cc4bf/versions/0874273287b93d73","status":"FINALIZED","config":{"rewrites":[{"glob":"**","path":"/index.html"}]},"labels":{"deployment-tool":"cli-firebase"},"createTime":"2025-09-07T19:09:34.047811Z","createUser":{"email":"mugabetrinity@gmail.com","imageUrl":"https://lh3.googleusercontent.com/a/ACg8ocJUU-YkeYdEq4ZwWtKBC4WpLsH4qG5JCMtD246-mRW5cshwMw=mo"},"finalizeTime":"2025-09-07T19:09:38.535028Z","finalizeUser":{"email":"mugabetrinity@gmail.com","imageUrl":"https://lh3.googleusercontent.com/a/ACg8ocJUU-YkeYdEq4ZwWtKBC4WpLsH4qG5JCMtD246-mRW5cshwMw=mo"}},"type":"DEPLOY","releaseTime":"2025-09-07T19:09:38.573Z","releaseUser":{"email":"mugabetrinity@gmail.com","imageUrl":"https://lh3.googleusercontent.com/a/ACg8ocJUU-YkeYdEq4ZwWtKBC4WpLsH4qG5JCMtD246-mRW5cshwMw=mo"}}
[info] ✔  hosting[discountmartapp-cc4bf]: release complete 
[info] 
[info] ✔  Deploy complete! 
[info] 
[info] Project Console: https://console.firebase.google.com/project/discountmartapp-cc4bf/overview
[info] Hosting URL: https://discountmartapp-cc4bf.web.app
[debug] [2025-09-08T12:54:40.611Z] ----------------------------------------------------------------------
[debug] [2025-09-08T12:54:40.649Z] Command:       /home/trinity/.nvm/versions/node/v22.15.0/bin/node /mnt/c/Users/HELLO HOME TECH/AppData/Roaming/npm/node_modules/firebase-tools/lib/bin/firebase.js deploy --only hosting
[debug] [2025-09-08T12:54:40.650Z] CLI Version:   14.15.1
[debug] [2025-09-08T12:54:40.651Z] Platform:      linux
[debug] [2025-09-08T12:54:40.651Z] Node Version:  v22.15.0
[debug] [2025-09-08T12:54:40.652Z] Time:          Mon Sep 08 2025 14:54:40 GMT+0200 (South Africa Standard Time)
[debug] [2025-09-08T12:54:40.653Z] ----------------------------------------------------------------------
[debug] 
[debug] [2025-09-08T12:54:42.278Z] > command requires scopes: ["email","openid","https://www.googleapis.com/auth/cloudplatformprojects.readonly","https://www.googleapis.com/auth/firebase","https://www.googleapis.com/auth/cloud-platform"]
[debug] [2025-09-08T12:54:42.298Z] > authorizing via signed-in user (mugabetrinity@gmail.com)
[debug] [2025-09-08T12:54:42.299Z] [iam] checking project discountmartapp-cc4bf for permissions ["firebase.projects.get","firebasehosting.sites.update"]
[debug] [2025-09-08T12:54:42.306Z] Checked if tokens are valid: false, expires at: 1757275277043
[debug] [2025-09-08T12:54:42.307Z] Checked if tokens are valid: false, expires at: 1757275277043
[debug] [2025-09-08T12:54:42.309Z] > refreshing access token with scopes: []
[debug] [2025-09-08T12:54:42.339Z] >>> [apiv2][query] POST https://www.googleapis.com/oauth2/v3/token [none]
[debug] [2025-09-08T12:54:42.340Z] >>> [apiv2][body] POST https://www.googleapis.com/oauth2/v3/token [omitted]
[debug] [2025-09-08T12:54:43.604Z] <<< [apiv2][status] POST https://www.googleapis.com/oauth2/v3/token 200
[debug] [2025-09-08T12:54:43.606Z] <<< [apiv2][body] POST https://www.googleapis.com/oauth2/v3/token [omitted]
[debug] [2025-09-08T12:54:43.630Z] >>> [apiv2][query] POST https://cloudresourcemanager.googleapis.com/v1/projects/discountmartapp-cc4bf:testIamPermissions [none]
[debug] [2025-09-08T12:54:43.630Z] >>> [apiv2][(partial)header] POST https://cloudresourcemanager.googleapis.com/v1/projects/discountmartapp-cc4bf:testIamPermissions x-goog-quota-user=projects/discountmartapp-cc4bf
[debug] [2025-09-08T12:54:43.630Z] >>> [apiv2][body] POST https://cloudresourcemanager.googleapis.com/v1/projects/discountmartapp-cc4bf:testIamPermissions {"permissions":["firebase.projects.get","firebasehosting.sites.update"]}
[debug] [2025-09-08T12:54:45.642Z] <<< [apiv2][status] POST https://cloudresourcemanager.googleapis.com/v1/projects/discountmartapp-cc4bf:testIamPermissions 200
[debug] [2025-09-08T12:54:45.643Z] <<< [apiv2][body] POST https://cloudresourcemanager.googleapis.com/v1/projects/discountmartapp-cc4bf:testIamPermissions {"permissions":["firebase.projects.get","firebasehosting.sites.update"]}
[debug] [2025-09-08T12:54:45.647Z] Checked if tokens are valid: true, expires at: 1757339682606
[debug] [2025-09-08T12:54:45.648Z] Checked if tokens are valid: true, expires at: 1757339682606
[debug] [2025-09-08T12:54:45.650Z] >>> [apiv2][query] GET https://firebase.googleapis.com/v1beta1/projects/discountmartapp-cc4bf [none]
[debug] [2025-09-08T12:54:46.370Z] <<< [apiv2][status] GET https://firebase.googleapis.com/v1beta1/projects/discountmartapp-cc4bf 200
[debug] [2025-09-08T12:54:46.371Z] <<< [apiv2][body] GET https://firebase.googleapis.com/v1beta1/projects/discountmartapp-cc4bf {"projectId":"discountmartapp-cc4bf","projectNumber":"299508835714","displayName":"Discountmartapp","name":"projects/discountmartapp-cc4bf","resources":{"hostingSite":"discountmartapp-cc4bf"},"state":"ACTIVE","etag":"1_96e23c05-27f2-4f53-8220-ab7f7db49172"}
[info] 
[info] === Deploying to 'discountmartapp-cc4bf'...
[info] 
[info] i  deploying hosting 
[debug] [2025-09-08T12:54:46.405Z] Checked if tokens are valid: true, expires at: 1757339682606
[debug] [2025-09-08T12:54:46.406Z] Checked if tokens are valid: true, expires at: 1757339682606
[debug] [2025-09-08T12:54:46.407Z] >>> [apiv2][query] POST https://firebasehosting.googleapis.com/v1beta1/projects/-/sites/discountmartapp-cc4bf/versions [none]
[debug] [2025-09-08T12:54:46.408Z] >>> [apiv2][body] POST https://firebasehosting.googleapis.com/v1beta1/projects/-/sites/discountmartapp-cc4bf/versions {"status":"CREATED","labels":{"deployment-tool":"cli-firebase"}}
[debug] [2025-09-08T12:54:48.033Z] <<< [apiv2][status] POST https://firebasehosting.googleapis.com/v1beta1/projects/-/sites/discountmartapp-cc4bf/versions 200
[debug] [2025-09-08T12:54:48.035Z] <<< [apiv2][body] POST https://firebasehosting.googleapis.com/v1beta1/projects/-/sites/discountmartapp-cc4bf/versions {"name":"projects/299508835714/sites/discountmartapp-cc4bf/versions/e487d24ab52b7bd0","status":"CREATED","config":{},"labels":{"deployment-tool":"cli-firebase"}}
[info] i  hosting[discountmartapp-cc4bf]: beginning deploy... 
[info] i  hosting[discountmartapp-cc4bf]: found 25 files in client/dist 
[debug] [2025-09-08T12:54:48.227Z] [hosting] uploading with 200 concurrency
[debug] [2025-09-08T12:54:48.716Z] Checked if tokens are valid: true, expires at: 1757339682606
[debug] [2025-09-08T12:54:48.716Z] Checked if tokens are valid: true, expires at: 1757339682606
[debug] [2025-09-08T12:54:48.722Z] [hosting] hash cache [Y2xpZW50L2Rpc3Q] stored for 25 files
[debug] [2025-09-08T12:54:48.723Z] [hosting][hash queue][FINAL] {"max":445,"min":162,"avg":228.52,"active":0,"complete":25,"success":25,"errored":0,"retried":0,"total":25,"elapsed":487}
[debug] [2025-09-08T12:54:48.725Z] >>> [apiv2][query] POST https://firebasehosting.googleapis.com/v1beta1/projects/299508835714/sites/discountmartapp-cc4bf/versions/e487d24ab52b7bd0:populateFiles [none]
[debug] [2025-09-08T12:54:48.725Z] >>> [apiv2][body] POST https://firebasehosting.googleapis.com/v1beta1/projects/299508835714/sites/discountmartapp-cc4bf/versions/e487d24ab52b7bd0:populateFiles {"files":{"/index.html":"233361ec602d1e9ad13e0a76c07aef965693a8d6fddcd4247d4d2c4f41eaba68","/favicon.ico":"6cfcbbc1f61a55dbfadf4b957399d3eaf3bfdb16eb65ed43560a82dde3bd685f","/assets/inter-vietnamese-400-normal-DMkecbls.woff2":"617acac0f9f159d07c67da6c466793a21daf4f32130cfd8ac1a1c3806593130c","/assets/inter-vietnamese-400-normal-Bbgyi5SW.woff":"4b45392576cd2d9e2cb78e5db018ca320eeb6c9e23dd48363fdd43e5291d1eae","/assets/inter-greek-ext-400-normal-XIH6-K3k.woff":"9610226e86dd1d71f9ae53468e651710b38736d2eb793408a33178a54228b567","/assets/inter-greek-400-normal-DxZsaF_h.woff2":"27ae8518183abc0f153c101f391231d3b208edc515f81e4fe68dc9c5c9dd492c","/assets/inter-greek-ext-400-normal-Bput3-QP.woff2":"6c7de200f85dbd7a4a64e5b42637f01309b86b7939766e84659c49f0392b03b7","/assets/inter-greek-400-normal-C3I71FoW.woff":"bae4c34c5390bf0efeaa1ff2a3002112678d58fd9b860366cfc98510e7598410","/assets/inter-cyrillic-ext-400-normal-Dc4VJyIJ.woff2":"e647d165aaac30fad23d81448d3d35baa3fde09950e56dd3bc3022f452211bc5","/assets/inter-cyrillic-400-normal-alAqRL36.woff":"9624c7b1e4bd5afc6f440b711168f185072a52cd67473feda8fd427b82ab0630","/assets/inter-cyrillic-400-normal-BLGc9T1a.woff2":"93c0a460df1463390e0b91c9830159289e936a846619bead958f747905564590","/assets/Home-CpWRQtQq.js.map":"2b44b8ea677ae97006a3e18cb0e6342b0745d359bcae8a98a255b40de84e2c40","/assets/inter-cyrillic-ext-400-normal-BE2fNs0E.woff":"8726f7caaf62acc5c5eeb2926b3e37022f915aec9d0d673c9e5614f2856411e1","/assets/Home-CpWRQtQq.js":"22bf5ba2d85fb0f9fa0458ee22a9a2873088f66dfba7086bdd2093cf3ddf8c9b","/assets/inter-latin-400-normal-CyCys3Eg.woff":"e3ea31c6962193220d3b204a3941daf16dd8a2962b8d0b4760469561a1973adc","/assets/inter-latin-400-normal-C38fXH4l.woff2":"0f915fe00a484b988ba7715a6aaa135d77516aad4a4c2d251530084e49c855c5","/assets/inter-latin-ext-400-normal-C1nco2VV.woff2":"60882d09041aabcb2122e88ebd3158774b93998f6c5731cafeeddd9f26a080da","/assets/index-PTl7nseo.css":"8190060078b7ea9dcad57dfa7856b09023776cc18368988ac8b9efd1971ba1d9","/assets/inter-latin-ext-400-normal-77YHD8bZ.woff":"fa3f4d97f73f7a6b5be50f01a6b07f274e090ae0e3a9e96987f852c0768bf516","/assets/Checkout-CCdq2fx8.js":"9f90a6ec325da97183a3f7fbe608d80339dda7749f37259acbd8e38be582e60c","/assets/vendor-DYYwmgDU.js":"7476c95ba284f5e107c30b014732fdb3a755dc6afe16e67e4496fffe1f46995a","/assets/index-Bkcf1ATY.js":"c1abe6f0abe298014d90b0bb68a0f06bc0414f9a0d9a6c8636fc14d11b14efe8","/assets/Checkout-CCdq2fx8.js.map":"a95faac1f73b592d1ac7822c527cff0aecee5c8054d02ba82d56cf9de3d6431d","/assets/vendor-DYYwmgDU.js.map":"6d2d3b0579835af3d714f06f8996e510d43e4d0ef0f100cf9b50687d33a63480","/assets/index-Bkcf1ATY.js.map":"ac1ba390f7341752b7a6d02c67b7dc71647b3d745ecd05bff511d69c20ace0bd"}}
[debug] [2025-09-08T12:54:49.127Z] <<< [apiv2][status] POST https://firebasehosting.googleapis.com/v1beta1/projects/299508835714/sites/discountmartapp-cc4bf/versions/e487d24ab52b7bd0:populateFiles 200
[debug] [2025-09-08T12:54:49.128Z] <<< [apiv2][body] POST https://firebasehosting.googleapis.com/v1beta1/projects/299508835714/sites/discountmartapp-cc4bf/versions/e487d24ab52b7bd0:populateFiles {"uploadRequiredHashes":["ac1ba390f7341752b7a6d02c67b7dc71647b3d745ecd05bff511d69c20ace0bd","233361ec602d1e9ad13e0a76c07aef965693a8d6fddcd4247d4d2c4f41eaba68","a95faac1f73b592d1ac7822c527cff0aecee5c8054d02ba82d56cf9de3d6431d","22bf5ba2d85fb0f9fa0458ee22a9a2873088f66dfba7086bdd2093cf3ddf8c9b","9f90a6ec325da97183a3f7fbe608d80339dda7749f37259acbd8e38be582e60c","2b44b8ea677ae97006a3e18cb0e6342b0745d359bcae8a98a255b40de84e2c40","c1abe6f0abe298014d90b0bb68a0f06bc0414f9a0d9a6c8636fc14d11b14efe8"],"uploadUrl":"https://upload-firebasehosting.googleapis.com/upload/sites/discountmartapp-cc4bf/versions/e487d24ab52b7bd0/files"}
[debug] [2025-09-08T12:54:49.134Z] Checked if tokens are valid: true, expires at: 1757339682606
[debug] [2025-09-08T12:54:49.136Z] Checked if tokens are valid: true, expires at: 1757339682606
[debug] [2025-09-08T12:54:49.138Z] Checked if tokens are valid: true, expires at: 1757339682606
[debug] [2025-09-08T12:54:49.139Z] Checked if tokens are valid: true, expires at: 1757339682606
[debug] [2025-09-08T12:54:49.141Z] Checked if tokens are valid: true, expires at: 1757339682606
[debug] [2025-09-08T12:54:49.142Z] Checked if tokens are valid: true, expires at: 1757339682606
[debug] [2025-09-08T12:54:49.144Z] Checked if tokens are valid: true, expires at: 1757339682606
[debug] [2025-09-08T12:54:49.146Z] Checked if tokens are valid: true, expires at: 1757339682606
[debug] [2025-09-08T12:54:49.149Z] Checked if tokens are valid: true, expires at: 1757339682606
[debug] [2025-09-08T12:54:49.150Z] Checked if tokens are valid: true, expires at: 1757339682606
[debug] [2025-09-08T12:54:49.153Z] Checked if tokens are valid: true, expires at: 1757339682606
[debug] [2025-09-08T12:54:49.154Z] Checked if tokens are valid: true, expires at: 1757339682606
[debug] [2025-09-08T12:54:49.157Z] Checked if tokens are valid: true, expires at: 1757339682606
[debug] [2025-09-08T12:54:49.158Z] Checked if tokens are valid: true, expires at: 1757339682606
[debug] [2025-09-08T12:54:49.160Z] >>> [apiv2][query] POST https://upload-firebasehosting.googleapis.com/upload/sites/discountmartapp-cc4bf/versions/e487d24ab52b7bd0/files/ac1ba390f7341752b7a6d02c67b7dc71647b3d745ecd05bff511d69c20ace0bd [none]
[debug] [2025-09-08T12:54:49.169Z] >>> [apiv2][body] POST https://upload-firebasehosting.googleapis.com/upload/sites/discountmartapp-cc4bf/versions/e487d24ab52b7bd0/files/ac1ba390f7341752b7a6d02c67b7dc71647b3d745ecd05bff511d69c20ace0bd [stream]
[debug] [2025-09-08T12:54:49.180Z] >>> [apiv2][query] POST https://upload-firebasehosting.googleapis.com/upload/sites/discountmartapp-cc4bf/versions/e487d24ab52b7bd0/files/233361ec602d1e9ad13e0a76c07aef965693a8d6fddcd4247d4d2c4f41eaba68 [none]
[debug] [2025-09-08T12:54:49.183Z] >>> [apiv2][body] POST https://upload-firebasehosting.googleapis.com/upload/sites/discountmartapp-cc4bf/versions/e487d24ab52b7bd0/files/233361ec602d1e9ad13e0a76c07aef965693a8d6fddcd4247d4d2c4f41eaba68 [stream]
[debug] [2025-09-08T12:54:49.192Z] >>> [apiv2][query] POST https://upload-firebasehosting.googleapis.com/upload/sites/discountmartapp-cc4bf/versions/e487d24ab52b7bd0/files/a95faac1f73b592d1ac7822c527cff0aecee5c8054d02ba82d56cf9de3d6431d [none]
[debug] [2025-09-08T12:54:49.193Z] >>> [apiv2][body] POST https://upload-firebasehosting.googleapis.com/upload/sites/discountmartapp-cc4bf/versions/e487d24ab52b7bd0/files/a95faac1f73b592d1ac7822c527cff0aecee5c8054d02ba82d56cf9de3d6431d [stream]
[debug] [2025-09-08T12:54:49.203Z] >>> [apiv2][query] POST https://upload-firebasehosting.googleapis.com/upload/sites/discountmartapp-cc4bf/versions/e487d24ab52b7bd0/files/22bf5ba2d85fb0f9fa0458ee22a9a2873088f66dfba7086bdd2093cf3ddf8c9b [none]
[debug] [2025-09-08T12:54:49.204Z] >>> [apiv2][body] POST https://upload-firebasehosting.googleapis.com/upload/sites/discountmartapp-cc4bf/versions/e487d24ab52b7bd0/files/22bf5ba2d85fb0f9fa0458ee22a9a2873088f66dfba7086bdd2093cf3ddf8c9b [stream]
[debug] [2025-09-08T12:54:49.224Z] >>> [apiv2][query] POST https://upload-firebasehosting.googleapis.com/upload/sites/discountmartapp-cc4bf/versions/e487d24ab52b7bd0/files/9f90a6ec325da97183a3f7fbe608d80339dda7749f37259acbd8e38be582e60c [none]
[debug] [2025-09-08T12:54:49.226Z] >>> [apiv2][body] POST https://upload-firebasehosting.googleapis.com/upload/sites/discountmartapp-cc4bf/versions/e487d24ab52b7bd0/files/9f90a6ec325da97183a3f7fbe608d80339dda7749f37259acbd8e38be582e60c [stream]
[debug] [2025-09-08T12:54:49.236Z] >>> [apiv2][query] POST https://upload-firebasehosting.googleapis.com/upload/sites/discountmartapp-cc4bf/versions/e487d24ab52b7bd0/files/2b44b8ea677ae97006a3e18cb0e6342b0745d359bcae8a98a255b40de84e2c40 [none]
[debug] [2025-09-08T12:54:49.237Z] >>> [apiv2][body] POST https://upload-firebasehosting.googleapis.com/upload/sites/discountmartapp-cc4bf/versions/e487d24ab52b7bd0/files/2b44b8ea677ae97006a3e18cb0e6342b0745d359bcae8a98a255b40de84e2c40 [stream]
[debug] [2025-09-08T12:54:49.248Z] >>> [apiv2][query] POST https://upload-firebasehosting.googleapis.com/upload/sites/discountmartapp-cc4bf/versions/e487d24ab52b7bd0/files/c1abe6f0abe298014d90b0bb68a0f06bc0414f9a0d9a6c8636fc14d11b14efe8 [none]
[debug] [2025-09-08T12:54:49.249Z] >>> [apiv2][body] POST https://upload-firebasehosting.googleapis.com/upload/sites/discountmartapp-cc4bf/versions/e487d24ab52b7bd0/files/c1abe6f0abe298014d90b0bb68a0f06bc0414f9a0d9a6c8636fc14d11b14efe8 [stream]
[debug] [2025-09-08T12:54:49.262Z] [hosting][populate queue][FINAL] {"max":444,"min":444,"avg":444,"active":0,"complete":1,"success":1,"errored":0,"retried":0,"total":1,"elapsed":547}
[debug] [2025-09-08T12:54:49.267Z] [hosting] uploads queued: 7
[info] i  hosting: uploading new files [0/7] (0%) 
[debug] [2025-09-08T12:54:50.937Z] <<< [apiv2][status] POST https://upload-firebasehosting.googleapis.com/upload/sites/discountmartapp-cc4bf/versions/e487d24ab52b7bd0/files/2b44b8ea677ae97006a3e18cb0e6342b0745d359bcae8a98a255b40de84e2c40 200
[debug] [2025-09-08T12:54:50.941Z] <<< [apiv2][body] POST https://upload-firebasehosting.googleapis.com/upload/sites/discountmartapp-cc4bf/versions/e487d24ab52b7bd0/files/2b44b8ea677ae97006a3e18cb0e6342b0745d359bcae8a98a255b40de84e2c40 [stream]
[debug] [2025-09-08T12:54:51.086Z] <<< [apiv2][status] POST https://upload-firebasehosting.googleapis.com/upload/sites/discountmartapp-cc4bf/versions/e487d24ab52b7bd0/files/9f90a6ec325da97183a3f7fbe608d80339dda7749f37259acbd8e38be582e60c 200
[debug] [2025-09-08T12:54:51.088Z] <<< [apiv2][body] POST https://upload-firebasehosting.googleapis.com/upload/sites/discountmartapp-cc4bf/versions/e487d24ab52b7bd0/files/9f90a6ec325da97183a3f7fbe608d80339dda7749f37259acbd8e38be582e60c [stream]
[debug] [2025-09-08T12:54:51.097Z] <<< [apiv2][status] POST https://upload-firebasehosting.googleapis.com/upload/sites/discountmartapp-cc4bf/versions/e487d24ab52b7bd0/files/233361ec602d1e9ad13e0a76c07aef965693a8d6fddcd4247d4d2c4f41eaba68 200
[debug] [2025-09-08T12:54:51.098Z] <<< [apiv2][body] POST https://upload-firebasehosting.googleapis.com/upload/sites/discountmartapp-cc4bf/versions/e487d24ab52b7bd0/files/233361ec602d1e9ad13e0a76c07aef965693a8d6fddcd4247d4d2c4f41eaba68 [stream]
[debug] [2025-09-08T12:54:51.105Z] <<< [apiv2][status] POST https://upload-firebasehosting.googleapis.com/upload/sites/discountmartapp-cc4bf/versions/e487d24ab52b7bd0/files/22bf5ba2d85fb0f9fa0458ee22a9a2873088f66dfba7086bdd2093cf3ddf8c9b 200
[debug] [2025-09-08T12:54:51.105Z] <<< [apiv2][body] POST https://upload-firebasehosting.googleapis.com/upload/sites/discountmartapp-cc4bf/versions/e487d24ab52b7bd0/files/22bf5ba2d85fb0f9fa0458ee22a9a2873088f66dfba7086bdd2093cf3ddf8c9b [stream]
[debug] [2025-09-08T12:54:51.186Z] <<< [apiv2][status] POST https://upload-firebasehosting.googleapis.com/upload/sites/discountmartapp-cc4bf/versions/e487d24ab52b7bd0/files/c1abe6f0abe298014d90b0bb68a0f06bc0414f9a0d9a6c8636fc14d11b14efe8 200
[debug] [2025-09-08T12:54:51.187Z] <<< [apiv2][body] POST https://upload-firebasehosting.googleapis.com/upload/sites/discountmartapp-cc4bf/versions/e487d24ab52b7bd0/files/c1abe6f0abe298014d90b0bb68a0f06bc0414f9a0d9a6c8636fc14d11b14efe8 [stream]
[debug] [2025-09-08T12:54:51.558Z] <<< [apiv2][status] POST https://upload-firebasehosting.googleapis.com/upload/sites/discountmartapp-cc4bf/versions/e487d24ab52b7bd0/files/ac1ba390f7341752b7a6d02c67b7dc71647b3d745ecd05bff511d69c20ace0bd 200
[debug] [2025-09-08T12:54:51.559Z] <<< [apiv2][body] POST https://upload-firebasehosting.googleapis.com/upload/sites/discountmartapp-cc4bf/versions/e487d24ab52b7bd0/files/ac1ba390f7341752b7a6d02c67b7dc71647b3d745ecd05bff511d69c20ace0bd [stream]
[debug] [2025-09-08T12:54:51.833Z] <<< [apiv2][status] POST https://upload-firebasehosting.googleapis.com/upload/sites/discountmartapp-cc4bf/versions/e487d24ab52b7bd0/files/a95faac1f73b592d1ac7822c527cff0aecee5c8054d02ba82d56cf9de3d6431d 200
[debug] [2025-09-08T12:54:51.835Z] <<< [apiv2][body] POST https://upload-firebasehosting.googleapis.com/upload/sites/discountmartapp-cc4bf/versions/e487d24ab52b7bd0/files/a95faac1f73b592d1ac7822c527cff0aecee5c8054d02ba82d56cf9de3d6431d [stream]
[debug] [2025-09-08T12:54:51.837Z] [hosting][upload queue][FINAL] {"max":2697,"min":1791,"avg":2116.8571428571427,"active":0,"complete":7,"success":7,"errored":0,"retried":0,"total":7,"elapsed":2707}
[info] i  hosting: upload complete 
[info] ✔  hosting[discountmartapp-cc4bf]: file upload complete 
[debug] [2025-09-08T12:54:51.841Z] [hosting] deploy completed after 3711ms
[debug] [2025-09-08T12:54:51.842Z] [
  {
    "config": {
      "public": "client/dist",
      "ignore": [
        "firebase.json",
        "**/.*",
        "**/node_modules/**"
      ],
      "rewrites": [
        {
          "source": "**",
          "destination": "/index.html"
        }
      ],
      "site": "discountmartapp-cc4bf"
    },
    "version": "projects/299508835714/sites/discountmartapp-cc4bf/versions/e487d24ab52b7bd0"
  }
]
[info] i  hosting[discountmartapp-cc4bf]: finalizing version... 
[debug] [2025-09-08T12:54:51.853Z] Checked if tokens are valid: true, expires at: 1757339682606
[debug] [2025-09-08T12:54:51.854Z] Checked if tokens are valid: true, expires at: 1757339682606
[debug] [2025-09-08T12:54:51.860Z] >>> [apiv2][query] PATCH https://firebasehosting.googleapis.com/v1beta1/projects/-/sites/discountmartapp-cc4bf/versions/e487d24ab52b7bd0 updateMask=status%2Cconfig
[debug] [2025-09-08T12:54:51.862Z] >>> [apiv2][body] PATCH https://firebasehosting.googleapis.com/v1beta1/projects/-/sites/discountmartapp-cc4bf/versions/e487d24ab52b7bd0 {"status":"FINALIZED","config":{"rewrites":[{"glob":"**","path":"/index.html"}]}}
[debug] [2025-09-08T12:54:52.214Z] <<< [apiv2][status] PATCH https://firebasehosting.googleapis.com/v1beta1/projects/-/sites/discountmartapp-cc4bf/versions/e487d24ab52b7bd0 200
[debug] [2025-09-08T12:54:52.215Z] <<< [apiv2][body] PATCH https://firebasehosting.googleapis.com/v1beta1/projects/-/sites/discountmartapp-cc4bf/versions/e487d24ab52b7bd0 {"name":"projects/299508835714/sites/discountmartapp-cc4bf/versions/e487d24ab52b7bd0","status":"FINALIZED","config":{"rewrites":[{"glob":"**","path":"/index.html"}]},"labels":{"deployment-tool":"cli-firebase"},"createTime":"2025-09-08T12:54:47.790282Z","createUser":{"email":"mugabetrinity@gmail.com"},"finalizeTime":"2025-09-08T12:54:52.338494Z","finalizeUser":{"email":"mugabetrinity@gmail.com"}}
[debug] [2025-09-08T12:54:52.217Z] [hosting] finalized version for discountmartapp-cc4bf:[object Object]
[info] ✔  hosting[discountmartapp-cc4bf]: version finalized 
[info] i  hosting[discountmartapp-cc4bf]: releasing new version... 
[debug] [2025-09-08T12:54:52.222Z] Checked if tokens are valid: true, expires at: 1757339682606
[debug] [2025-09-08T12:54:52.223Z] Checked if tokens are valid: true, expires at: 1757339682606
[debug] [2025-09-08T12:54:52.224Z] >>> [apiv2][query] POST https://firebasehosting.googleapis.com/v1beta1/projects/-/sites/discountmartapp-cc4bf/channels/live/releases versionName=projects%2F299508835714%2Fsites%2Fdiscountmartapp-cc4bf%2Fversions%2Fe487d24ab52b7bd0
[debug] [2025-09-08T12:54:52.225Z] >>> [apiv2][body] POST https://firebasehosting.googleapis.com/v1beta1/projects/-/sites/discountmartapp-cc4bf/channels/live/releases {}
[debug] [2025-09-08T12:54:52.682Z] <<< [apiv2][status] POST https://firebasehosting.googleapis.com/v1beta1/projects/-/sites/discountmartapp-cc4bf/channels/live/releases 200
[debug] [2025-09-08T12:54:52.683Z] <<< [apiv2][body] POST https://firebasehosting.googleapis.com/v1beta1/projects/-/sites/discountmartapp-cc4bf/channels/live/releases {"name":"projects/299508835714/sites/discountmartapp-cc4bf/channels/live/releases/1757336092255000","version":{"name":"projects/299508835714/sites/discountmartapp-cc4bf/versions/e487d24ab52b7bd0","status":"FINALIZED","config":{"rewrites":[{"glob":"**","path":"/index.html"}]},"labels":{"deployment-tool":"cli-firebase"},"createTime":"2025-09-08T12:54:47.790282Z","createUser":{"email":"mugabetrinity@gmail.com","imageUrl":"https://lh3.googleusercontent.com/a/ACg8ocJUU-YkeYdEq4ZwWtKBC4WpLsH4qG5JCMtD246-mRW5cshwMw=mo"},"finalizeTime":"2025-09-08T12:54:52.338494Z","finalizeUser":{"email":"mugabetrinity@gmail.com","imageUrl":"https://lh3.googleusercontent.com/a/ACg8ocJUU-YkeYdEq4ZwWtKBC4WpLsH4qG5JCMtD246-mRW5cshwMw=mo"}},"type":"DEPLOY","releaseTime":"2025-09-08T12:54:52.255Z","releaseUser":{"email":"mugabetrinity@gmail.com","imageUrl":"https://lh3.googleusercontent.com/a/ACg8ocJUU-YkeYdEq4ZwWtKBC4WpLsH4qG5JCMtD246-mRW5cshwMw=mo"}}
[debug] [2025-09-08T12:54:52.685Z] [hosting] release: {"name":"projects/299508835714/sites/discountmartapp-cc4bf/channels/live/releases/1757336092255000","version":{"name":"projects/299508835714/sites/discountmartapp-cc4bf/versions/e487d24ab52b7bd0","status":"FINALIZED","config":{"rewrites":[{"glob":"**","path":"/index.html"}]},"labels":{"deployment-tool":"cli-firebase"},"createTime":"2025-09-08T12:54:47.790282Z","createUser":{"email":"mugabetrinity@gmail.com","imageUrl":"https://lh3.googleusercontent.com/a/ACg8ocJUU-YkeYdEq4ZwWtKBC4WpLsH4qG5JCMtD246-mRW5cshwMw=mo"},"finalizeTime":"2025-09-08T12:54:52.338494Z","finalizeUser":{"email":"mugabetrinity@gmail.com","imageUrl":"https://lh3.googleusercontent.com/a/ACg8ocJUU-YkeYdEq4ZwWtKBC4WpLsH4qG5JCMtD246-mRW5cshwMw=mo"}},"type":"DEPLOY","releaseTime":"2025-09-08T12:54:52.255Z","releaseUser":{"email":"mugabetrinity@gmail.com","imageUrl":"https://lh3.googleusercontent.com/a/ACg8ocJUU-YkeYdEq4ZwWtKBC4WpLsH4qG5JCMtD246-mRW5cshwMw=mo"}}
[info] ✔  hosting[discountmartapp-cc4bf]: release complete 
[info] 
[info] ✔  Deploy complete! 
[info] 
[info] Project Console: https://console.firebase.google.com/project/discountmartapp-cc4bf/overview
[info] Hosting URL: https://discountmartapp-cc4bf.web.app
[debug] [2025-09-08T14:21:24.363Z] ----------------------------------------------------------------------
[debug] [2025-09-08T14:21:24.383Z] Command:       /home/trinity/.nvm/versions/node/v22.15.0/bin/node /mnt/c/Users/HELLO HOME TECH/AppData/Roaming/npm/node_modules/firebase-tools/lib/bin/firebase.js deploy --only hosting
[debug] [2025-09-08T14:21:24.384Z] CLI Version:   14.15.1
[debug] [2025-09-08T14:21:24.385Z] Platform:      linux
[debug] [2025-09-08T14:21:24.385Z] Node Version:  v22.15.0
[debug] [2025-09-08T14:21:24.386Z] Time:          Mon Sep 08 2025 16:21:24 GMT+0200 (South Africa Standard Time)
[debug] [2025-09-08T14:21:24.386Z] ----------------------------------------------------------------------
[debug] 
[debug] [2025-09-08T14:21:25.143Z] > command requires scopes: ["email","openid","https://www.googleapis.com/auth/cloudplatformprojects.readonly","https://www.googleapis.com/auth/firebase","https://www.googleapis.com/auth/cloud-platform"]
[debug] [2025-09-08T14:21:25.148Z] > authorizing via signed-in user (mugabetrinity@gmail.com)
[debug] [2025-09-08T14:21:25.149Z] [iam] checking project discountmartapp-cc4bf for permissions ["firebase.projects.get","firebasehosting.sites.update"]
[debug] [2025-09-08T14:21:25.151Z] Checked if tokens are valid: false, expires at: 1757339682606
[debug] [2025-09-08T14:21:25.151Z] Checked if tokens are valid: false, expires at: 1757339682606
[debug] [2025-09-08T14:21:25.152Z] > refreshing access token with scopes: []
[debug] [2025-09-08T14:21:25.160Z] >>> [apiv2][query] POST https://www.googleapis.com/oauth2/v3/token [none]
[debug] [2025-09-08T14:21:25.161Z] >>> [apiv2][body] POST https://www.googleapis.com/oauth2/v3/token [omitted]
[debug] [2025-09-08T14:21:26.186Z] <<< [apiv2][status] POST https://www.googleapis.com/oauth2/v3/token 200
[debug] [2025-09-08T14:21:26.187Z] <<< [apiv2][body] POST https://www.googleapis.com/oauth2/v3/token [omitted]
[debug] [2025-09-08T14:21:26.222Z] >>> [apiv2][query] POST https://cloudresourcemanager.googleapis.com/v1/projects/discountmartapp-cc4bf:testIamPermissions [none]
[debug] [2025-09-08T14:21:26.223Z] >>> [apiv2][(partial)header] POST https://cloudresourcemanager.googleapis.com/v1/projects/discountmartapp-cc4bf:testIamPermissions x-goog-quota-user=projects/discountmartapp-cc4bf
[debug] [2025-09-08T14:21:26.223Z] >>> [apiv2][body] POST https://cloudresourcemanager.googleapis.com/v1/projects/discountmartapp-cc4bf:testIamPermissions {"permissions":["firebase.projects.get","firebasehosting.sites.update"]}
[debug] [2025-09-08T14:21:28.260Z] <<< [apiv2][status] POST https://cloudresourcemanager.googleapis.com/v1/projects/discountmartapp-cc4bf:testIamPermissions 200
[debug] [2025-09-08T14:21:28.261Z] <<< [apiv2][body] POST https://cloudresourcemanager.googleapis.com/v1/projects/discountmartapp-cc4bf:testIamPermissions {"permissions":["firebase.projects.get","firebasehosting.sites.update"]}
[debug] [2025-09-08T14:21:28.263Z] Checked if tokens are valid: true, expires at: 1757344885189
[debug] [2025-09-08T14:21:28.263Z] Checked if tokens are valid: true, expires at: 1757344885189
[debug] [2025-09-08T14:21:28.264Z] >>> [apiv2][query] GET https://firebase.googleapis.com/v1beta1/projects/discountmartapp-cc4bf [none]
[debug] [2025-09-08T14:21:29.169Z] <<< [apiv2][status] GET https://firebase.googleapis.com/v1beta1/projects/discountmartapp-cc4bf 200
[debug] [2025-09-08T14:21:29.169Z] <<< [apiv2][body] GET https://firebase.googleapis.com/v1beta1/projects/discountmartapp-cc4bf {"projectId":"discountmartapp-cc4bf","projectNumber":"299508835714","displayName":"Discountmartapp","name":"projects/discountmartapp-cc4bf","resources":{"hostingSite":"discountmartapp-cc4bf"},"state":"ACTIVE","etag":"1_96e23c05-27f2-4f53-8220-ab7f7db49172"}
[info] 
[info] === Deploying to 'discountmartapp-cc4bf'...
[info] 
[info] i  deploying hosting 
[debug] [2025-09-08T14:21:29.182Z] Checked if tokens are valid: true, expires at: 1757344885189
[debug] [2025-09-08T14:21:29.182Z] Checked if tokens are valid: true, expires at: 1757344885189
[debug] [2025-09-08T14:21:29.183Z] >>> [apiv2][query] POST https://firebasehosting.googleapis.com/v1beta1/projects/-/sites/discountmartapp-cc4bf/versions [none]
[debug] [2025-09-08T14:21:29.183Z] >>> [apiv2][body] POST https://firebasehosting.googleapis.com/v1beta1/projects/-/sites/discountmartapp-cc4bf/versions {"status":"CREATED","labels":{"deployment-tool":"cli-firebase"}}
[debug] [2025-09-08T14:21:30.907Z] <<< [apiv2][status] POST https://firebasehosting.googleapis.com/v1beta1/projects/-/sites/discountmartapp-cc4bf/versions 200
[debug] [2025-09-08T14:21:30.908Z] <<< [apiv2][body] POST https://firebasehosting.googleapis.com/v1beta1/projects/-/sites/discountmartapp-cc4bf/versions {"name":"projects/299508835714/sites/discountmartapp-cc4bf/versions/d10a4a2c0d3f9123","status":"CREATED","config":{},"labels":{"deployment-tool":"cli-firebase"}}
[info] i  hosting[discountmartapp-cc4bf]: beginning deploy... 
[info] i  hosting[discountmartapp-cc4bf]: found 25 files in client/dist 
[debug] [2025-09-08T14:21:31.046Z] [hosting] uploading with 200 concurrency
[debug] [2025-09-08T14:21:31.352Z] Checked if tokens are valid: true, expires at: 1757344885189
[debug] [2025-09-08T14:21:31.353Z] Checked if tokens are valid: true, expires at: 1757344885189
[debug] [2025-09-08T14:21:31.357Z] [hosting] hash cache [Y2xpZW50L2Rpc3Q] stored for 25 files
[debug] [2025-09-08T14:21:31.357Z] [hosting][hash queue][FINAL] {"max":281,"min":42,"avg":71.56,"active":0,"complete":25,"success":25,"errored":0,"retried":0,"total":25,"elapsed":305}
[debug] [2025-09-08T14:21:31.358Z] >>> [apiv2][query] POST https://firebasehosting.googleapis.com/v1beta1/projects/299508835714/sites/discountmartapp-cc4bf/versions/d10a4a2c0d3f9123:populateFiles [none]
[debug] [2025-09-08T14:21:31.358Z] >>> [apiv2][body] POST https://firebasehosting.googleapis.com/v1beta1/projects/299508835714/sites/discountmartapp-cc4bf/versions/d10a4a2c0d3f9123:populateFiles {"files":{"/index.html":"d3beabec597d9442e5c355e74e53e173d0bcd5724b8d3f7f756b7078dd763d93","/favicon.ico":"6cfcbbc1f61a55dbfadf4b957399d3eaf3bfdb16eb65ed43560a82dde3bd685f","/assets/inter-vietnamese-400-normal-Bbgyi5SW.woff":"4b45392576cd2d9e2cb78e5db018ca320eeb6c9e23dd48363fdd43e5291d1eae","/assets/inter-vietnamese-400-normal-DMkecbls.woff2":"617acac0f9f159d07c67da6c466793a21daf4f32130cfd8ac1a1c3806593130c","/assets/inter-greek-ext-400-normal-XIH6-K3k.woff":"9610226e86dd1d71f9ae53468e651710b38736d2eb793408a33178a54228b567","/assets/inter-greek-ext-400-normal-Bput3-QP.woff2":"6c7de200f85dbd7a4a64e5b42637f01309b86b7939766e84659c49f0392b03b7","/assets/inter-greek-400-normal-DxZsaF_h.woff2":"27ae8518183abc0f153c101f391231d3b208edc515f81e4fe68dc9c5c9dd492c","/assets/inter-greek-400-normal-C3I71FoW.woff":"bae4c34c5390bf0efeaa1ff2a3002112678d58fd9b860366cfc98510e7598410","/assets/inter-cyrillic-ext-400-normal-Dc4VJyIJ.woff2":"e647d165aaac30fad23d81448d3d35baa3fde09950e56dd3bc3022f452211bc5","/assets/inter-cyrillic-ext-400-normal-BE2fNs0E.woff":"8726f7caaf62acc5c5eeb2926b3e37022f915aec9d0d673c9e5614f2856411e1","/assets/inter-cyrillic-400-normal-alAqRL36.woff":"9624c7b1e4bd5afc6f440b711168f185072a52cd67473feda8fd427b82ab0630","/assets/inter-cyrillic-400-normal-BLGc9T1a.woff2":"93c0a460df1463390e0b91c9830159289e936a846619bead958f747905564590","/assets/Home-CB__Qzxr.js":"c47355674ff0cca57fd331073d8bb1eabbe2fa10f6f506de108cdc1dcbc1b547","/assets/Home-CB__Qzxr.js.map":"5eec21bbad09d7c69c59bd1be18a3939b856686eca728e34d08f02f1087d732e","/assets/inter-latin-400-normal-CyCys3Eg.woff":"e3ea31c6962193220d3b204a3941daf16dd8a2962b8d0b4760469561a1973adc","/assets/inter-latin-400-normal-C38fXH4l.woff2":"0f915fe00a484b988ba7715a6aaa135d77516aad4a4c2d251530084e49c855c5","/assets/inter-latin-ext-400-normal-C1nco2VV.woff2":"60882d09041aabcb2122e88ebd3158774b93998f6c5731cafeeddd9f26a080da","/assets/index-PTl7nseo.css":"8190060078b7ea9dcad57dfa7856b09023776cc18368988ac8b9efd1971ba1d9","/assets/inter-latin-ext-400-normal-77YHD8bZ.woff":"fa3f4d97f73f7a6b5be50f01a6b07f274e090ae0e3a9e96987f852c0768bf516","/assets/Checkout-ojLby03z.js":"d549343cd3b69321ebbce19a0ba47212ed4cf69e02c569c10e3f4880bea8eda2","/assets/vendor-DYYwmgDU.js":"7476c95ba284f5e107c30b014732fdb3a755dc6afe16e67e4496fffe1f46995a","/assets/index-D58X7cJ2.js":"25e4f51d4f14e3b8f9abca1c9c35f212640481839f220a91a140d4ec098323c1","/assets/Checkout-ojLby03z.js.map":"8ea5806141b524c02930efc525ca43efeebdb3a317223459ce255a3e6282b3e5","/assets/vendor-DYYwmgDU.js.map":"6d2d3b0579835af3d714f06f8996e510d43e4d0ef0f100cf9b50687d33a63480","/assets/index-D58X7cJ2.js.map":"9d7a52c459d22d198dcaca6d82ed3b0974493946732491abfa77ba902c642295"}}
[debug] [2025-09-08T14:21:31.773Z] <<< [apiv2][status] POST https://firebasehosting.googleapis.com/v1beta1/projects/299508835714/sites/discountmartapp-cc4bf/versions/d10a4a2c0d3f9123:populateFiles 200
[debug] [2025-09-08T14:21:31.773Z] <<< [apiv2][body] POST https://firebasehosting.googleapis.com/v1beta1/projects/299508835714/sites/discountmartapp-cc4bf/versions/d10a4a2c0d3f9123:populateFiles {"uploadRequiredHashes":["9d7a52c459d22d198dcaca6d82ed3b0974493946732491abfa77ba902c642295","d549343cd3b69321ebbce19a0ba47212ed4cf69e02c569c10e3f4880bea8eda2","8ea5806141b524c02930efc525ca43efeebdb3a317223459ce255a3e6282b3e5","d3beabec597d9442e5c355e74e53e173d0bcd5724b8d3f7f756b7078dd763d93","c47355674ff0cca57fd331073d8bb1eabbe2fa10f6f506de108cdc1dcbc1b547","25e4f51d4f14e3b8f9abca1c9c35f212640481839f220a91a140d4ec098323c1","5eec21bbad09d7c69c59bd1be18a3939b856686eca728e34d08f02f1087d732e"],"uploadUrl":"https://upload-firebasehosting.googleapis.com/upload/sites/discountmartapp-cc4bf/versions/d10a4a2c0d3f9123/files"}
[debug] [2025-09-08T14:21:31.775Z] Checked if tokens are valid: true, expires at: 1757344885189
[debug] [2025-09-08T14:21:31.775Z] Checked if tokens are valid: true, expires at: 1757344885189
[debug] [2025-09-08T14:21:31.775Z] Checked if tokens are valid: true, expires at: 1757344885189
[debug] [2025-09-08T14:21:31.776Z] Checked if tokens are valid: true, expires at: 1757344885189
[debug] [2025-09-08T14:21:31.776Z] Checked if tokens are valid: true, expires at: 1757344885189
[debug] [2025-09-08T14:21:31.776Z] Checked if tokens are valid: true, expires at: 1757344885189
[debug] [2025-09-08T14:21:31.777Z] Checked if tokens are valid: true, expires at: 1757344885189
[debug] [2025-09-08T14:21:31.777Z] Checked if tokens are valid: true, expires at: 1757344885189
[debug] [2025-09-08T14:21:31.777Z] Checked if tokens are valid: true, expires at: 1757344885189
[debug] [2025-09-08T14:21:31.778Z] Checked if tokens are valid: true, expires at: 1757344885189
[debug] [2025-09-08T14:21:31.778Z] Checked if tokens are valid: true, expires at: 1757344885189
[debug] [2025-09-08T14:21:31.778Z] Checked if tokens are valid: true, expires at: 1757344885189
[debug] [2025-09-08T14:21:31.779Z] Checked if tokens are valid: true, expires at: 1757344885189
[debug] [2025-09-08T14:21:31.779Z] Checked if tokens are valid: true, expires at: 1757344885189
[debug] [2025-09-08T14:21:31.779Z] >>> [apiv2][query] POST https://upload-firebasehosting.googleapis.com/upload/sites/discountmartapp-cc4bf/versions/d10a4a2c0d3f9123/files/9d7a52c459d22d198dcaca6d82ed3b0974493946732491abfa77ba902c642295 [none]
[debug] [2025-09-08T14:21:31.780Z] >>> [apiv2][body] POST https://upload-firebasehosting.googleapis.com/upload/sites/discountmartapp-cc4bf/versions/d10a4a2c0d3f9123/files/9d7a52c459d22d198dcaca6d82ed3b0974493946732491abfa77ba902c642295 [stream]
[debug] [2025-09-08T14:21:31.783Z] >>> [apiv2][query] POST https://upload-firebasehosting.googleapis.com/upload/sites/discountmartapp-cc4bf/versions/d10a4a2c0d3f9123/files/d549343cd3b69321ebbce19a0ba47212ed4cf69e02c569c10e3f4880bea8eda2 [none]
[debug] [2025-09-08T14:21:31.783Z] >>> [apiv2][body] POST https://upload-firebasehosting.googleapis.com/upload/sites/discountmartapp-cc4bf/versions/d10a4a2c0d3f9123/files/d549343cd3b69321ebbce19a0ba47212ed4cf69e02c569c10e3f4880bea8eda2 [stream]
[debug] [2025-09-08T14:21:31.785Z] >>> [apiv2][query] POST https://upload-firebasehosting.googleapis.com/upload/sites/discountmartapp-cc4bf/versions/d10a4a2c0d3f9123/files/8ea5806141b524c02930efc525ca43efeebdb3a317223459ce255a3e6282b3e5 [none]
[debug] [2025-09-08T14:21:31.786Z] >>> [apiv2][body] POST https://upload-firebasehosting.googleapis.com/upload/sites/discountmartapp-cc4bf/versions/d10a4a2c0d3f9123/files/8ea5806141b524c02930efc525ca43efeebdb3a317223459ce255a3e6282b3e5 [stream]
[debug] [2025-09-08T14:21:31.789Z] >>> [apiv2][query] POST https://upload-firebasehosting.googleapis.com/upload/sites/discountmartapp-cc4bf/versions/d10a4a2c0d3f9123/files/d3beabec597d9442e5c355e74e53e173d0bcd5724b8d3f7f756b7078dd763d93 [none]
[debug] [2025-09-08T14:21:31.789Z] >>> [apiv2][body] POST https://upload-firebasehosting.googleapis.com/upload/sites/discountmartapp-cc4bf/versions/d10a4a2c0d3f9123/files/d3beabec597d9442e5c355e74e53e173d0bcd5724b8d3f7f756b7078dd763d93 [stream]
[debug] [2025-09-08T14:21:31.793Z] >>> [apiv2][query] POST https://upload-firebasehosting.googleapis.com/upload/sites/discountmartapp-cc4bf/versions/d10a4a2c0d3f9123/files/c47355674ff0cca57fd331073d8bb1eabbe2fa10f6f506de108cdc1dcbc1b547 [none]
[debug] [2025-09-08T14:21:31.794Z] >>> [apiv2][body] POST https://upload-firebasehosting.googleapis.com/upload/sites/discountmartapp-cc4bf/versions/d10a4a2c0d3f9123/files/c47355674ff0cca57fd331073d8bb1eabbe2fa10f6f506de108cdc1dcbc1b547 [stream]
[debug] [2025-09-08T14:21:31.796Z] >>> [apiv2][query] POST https://upload-firebasehosting.googleapis.com/upload/sites/discountmartapp-cc4bf/versions/d10a4a2c0d3f9123/files/25e4f51d4f14e3b8f9abca1c9c35f212640481839f220a91a140d4ec098323c1 [none]
[debug] [2025-09-08T14:21:31.796Z] >>> [apiv2][body] POST https://upload-firebasehosting.googleapis.com/upload/sites/discountmartapp-cc4bf/versions/d10a4a2c0d3f9123/files/25e4f51d4f14e3b8f9abca1c9c35f212640481839f220a91a140d4ec098323c1 [stream]
[debug] [2025-09-08T14:21:31.798Z] >>> [apiv2][query] POST https://upload-firebasehosting.googleapis.com/upload/sites/discountmartapp-cc4bf/versions/d10a4a2c0d3f9123/files/5eec21bbad09d7c69c59bd1be18a3939b856686eca728e34d08f02f1087d732e [none]
[debug] [2025-09-08T14:21:31.798Z] >>> [apiv2][body] POST https://upload-firebasehosting.googleapis.com/upload/sites/discountmartapp-cc4bf/versions/d10a4a2c0d3f9123/files/5eec21bbad09d7c69c59bd1be18a3939b856686eca728e34d08f02f1087d732e [stream]
[debug] [2025-09-08T14:21:31.800Z] [hosting][populate queue][FINAL] {"max":427,"min":427,"avg":427,"active":0,"complete":1,"success":1,"errored":0,"retried":0,"total":1,"elapsed":448}
[debug] [2025-09-08T14:21:31.801Z] [hosting] uploads queued: 7
[info] i  hosting: uploading new files [0/7] (0%) 
[debug] [2025-09-08T14:21:33.813Z] <<< [apiv2][status] POST https://upload-firebasehosting.googleapis.com/upload/sites/discountmartapp-cc4bf/versions/d10a4a2c0d3f9123/files/5eec21bbad09d7c69c59bd1be18a3939b856686eca728e34d08f02f1087d732e 200
[debug] [2025-09-08T14:21:33.815Z] <<< [apiv2][body] POST https://upload-firebasehosting.googleapis.com/upload/sites/discountmartapp-cc4bf/versions/d10a4a2c0d3f9123/files/5eec21bbad09d7c69c59bd1be18a3939b856686eca728e34d08f02f1087d732e [stream]
[debug] [2025-09-08T14:21:33.881Z] <<< [apiv2][status] POST https://upload-firebasehosting.googleapis.com/upload/sites/discountmartapp-cc4bf/versions/d10a4a2c0d3f9123/files/c47355674ff0cca57fd331073d8bb1eabbe2fa10f6f506de108cdc1dcbc1b547 200
[debug] [2025-09-08T14:21:33.882Z] <<< [apiv2][body] POST https://upload-firebasehosting.googleapis.com/upload/sites/discountmartapp-cc4bf/versions/d10a4a2c0d3f9123/files/c47355674ff0cca57fd331073d8bb1eabbe2fa10f6f506de108cdc1dcbc1b547 [stream]
[debug] [2025-09-08T14:21:33.897Z] <<< [apiv2][status] POST https://upload-firebasehosting.googleapis.com/upload/sites/discountmartapp-cc4bf/versions/d10a4a2c0d3f9123/files/d3beabec597d9442e5c355e74e53e173d0bcd5724b8d3f7f756b7078dd763d93 200
[debug] [2025-09-08T14:21:33.898Z] <<< [apiv2][body] POST https://upload-firebasehosting.googleapis.com/upload/sites/discountmartapp-cc4bf/versions/d10a4a2c0d3f9123/files/d3beabec597d9442e5c355e74e53e173d0bcd5724b8d3f7f756b7078dd763d93 [stream]
[debug] [2025-09-08T14:21:33.942Z] <<< [apiv2][status] POST https://upload-firebasehosting.googleapis.com/upload/sites/discountmartapp-cc4bf/versions/d10a4a2c0d3f9123/files/25e4f51d4f14e3b8f9abca1c9c35f212640481839f220a91a140d4ec098323c1 200
[debug] [2025-09-08T14:21:33.943Z] <<< [apiv2][body] POST https://upload-firebasehosting.googleapis.com/upload/sites/discountmartapp-cc4bf/versions/d10a4a2c0d3f9123/files/25e4f51d4f14e3b8f9abca1c9c35f212640481839f220a91a140d4ec098323c1 [stream]
[debug] [2025-09-08T14:21:34.115Z] <<< [apiv2][status] POST https://upload-firebasehosting.googleapis.com/upload/sites/discountmartapp-cc4bf/versions/d10a4a2c0d3f9123/files/8ea5806141b524c02930efc525ca43efeebdb3a317223459ce255a3e6282b3e5 200
[debug] [2025-09-08T14:21:34.115Z] <<< [apiv2][body] POST https://upload-firebasehosting.googleapis.com/upload/sites/discountmartapp-cc4bf/versions/d10a4a2c0d3f9123/files/8ea5806141b524c02930efc525ca43efeebdb3a317223459ce255a3e6282b3e5 [stream]
[debug] [2025-09-08T14:21:34.180Z] <<< [apiv2][status] POST https://upload-firebasehosting.googleapis.com/upload/sites/discountmartapp-cc4bf/versions/d10a4a2c0d3f9123/files/d549343cd3b69321ebbce19a0ba47212ed4cf69e02c569c10e3f4880bea8eda2 200
[debug] [2025-09-08T14:21:34.181Z] <<< [apiv2][body] POST https://upload-firebasehosting.googleapis.com/upload/sites/discountmartapp-cc4bf/versions/d10a4a2c0d3f9123/files/d549343cd3b69321ebbce19a0ba47212ed4cf69e02c569c10e3f4880bea8eda2 [stream]
[debug] [2025-09-08T14:21:34.589Z] <<< [apiv2][status] POST https://upload-firebasehosting.googleapis.com/upload/sites/discountmartapp-cc4bf/versions/d10a4a2c0d3f9123/files/9d7a52c459d22d198dcaca6d82ed3b0974493946732491abfa77ba902c642295 200
[debug] [2025-09-08T14:21:34.589Z] <<< [apiv2][body] POST https://upload-firebasehosting.googleapis.com/upload/sites/discountmartapp-cc4bf/versions/d10a4a2c0d3f9123/files/9d7a52c459d22d198dcaca6d82ed3b0974493946732491abfa77ba902c642295 [stream]
[debug] [2025-09-08T14:21:34.591Z] [hosting][upload queue][FINAL] {"max":2816,"min":2037,"avg":2284.714285714286,"active":0,"complete":7,"success":7,"errored":0,"retried":0,"total":7,"elapsed":2817}
[info] i  hosting: upload complete 
[info] ✔  hosting[discountmartapp-cc4bf]: file upload complete 
[debug] [2025-09-08T14:21:34.594Z] [hosting] deploy completed after 3618ms
[debug] [2025-09-08T14:21:34.595Z] [
  {
    "config": {
      "public": "client/dist",
      "ignore": [
        "firebase.json",
        "**/.*",
        "**/node_modules/**"
      ],
      "rewrites": [
        {
          "source": "**",
          "destination": "/index.html"
        }
      ],
      "site": "discountmartapp-cc4bf"
    },
    "version": "projects/299508835714/sites/discountmartapp-cc4bf/versions/d10a4a2c0d3f9123"
  }
]
[info] i  hosting[discountmartapp-cc4bf]: finalizing version... 
[debug] [2025-09-08T14:21:34.602Z] Checked if tokens are valid: true, expires at: 1757344885189
[debug] [2025-09-08T14:21:34.602Z] Checked if tokens are valid: true, expires at: 1757344885189
[debug] [2025-09-08T14:21:34.606Z] >>> [apiv2][query] PATCH https://firebasehosting.googleapis.com/v1beta1/projects/-/sites/discountmartapp-cc4bf/versions/d10a4a2c0d3f9123 updateMask=status%2Cconfig
[debug] [2025-09-08T14:21:34.607Z] >>> [apiv2][body] PATCH https://firebasehosting.googleapis.com/v1beta1/projects/-/sites/discountmartapp-cc4bf/versions/d10a4a2c0d3f9123 {"status":"FINALIZED","config":{"rewrites":[{"glob":"**","path":"/index.html"}]}}
[debug] [2025-09-08T14:21:34.979Z] <<< [apiv2][status] PATCH https://firebasehosting.googleapis.com/v1beta1/projects/-/sites/discountmartapp-cc4bf/versions/d10a4a2c0d3f9123 200
[debug] [2025-09-08T14:21:34.980Z] <<< [apiv2][body] PATCH https://firebasehosting.googleapis.com/v1beta1/projects/-/sites/discountmartapp-cc4bf/versions/d10a4a2c0d3f9123 {"name":"projects/299508835714/sites/discountmartapp-cc4bf/versions/d10a4a2c0d3f9123","status":"FINALIZED","config":{"rewrites":[{"glob":"**","path":"/index.html"}]},"labels":{"deployment-tool":"cli-firebase"},"createTime":"2025-09-08T14:21:30.812108Z","createUser":{"email":"mugabetrinity@gmail.com"},"finalizeTime":"2025-09-08T14:21:35.215018Z","finalizeUser":{"email":"mugabetrinity@gmail.com"}}
[debug] [2025-09-08T14:21:34.981Z] [hosting] finalized version for discountmartapp-cc4bf:[object Object]
[info] ✔  hosting[discountmartapp-cc4bf]: version finalized 
[info] i  hosting[discountmartapp-cc4bf]: releasing new version... 
[debug] [2025-09-08T14:21:34.983Z] Checked if tokens are valid: true, expires at: 1757344885189
[debug] [2025-09-08T14:21:34.983Z] Checked if tokens are valid: true, expires at: 1757344885189
[debug] [2025-09-08T14:21:34.984Z] >>> [apiv2][query] POST https://firebasehosting.googleapis.com/v1beta1/projects/-/sites/discountmartapp-cc4bf/channels/live/releases versionName=projects%2F299508835714%2Fsites%2Fdiscountmartapp-cc4bf%2Fversions%2Fd10a4a2c0d3f9123
[debug] [2025-09-08T14:21:34.984Z] >>> [apiv2][body] POST https://firebasehosting.googleapis.com/v1beta1/projects/-/sites/discountmartapp-cc4bf/channels/live/releases {}
[debug] [2025-09-08T14:21:35.415Z] <<< [apiv2][status] POST https://firebasehosting.googleapis.com/v1beta1/projects/-/sites/discountmartapp-cc4bf/channels/live/releases 200
[debug] [2025-09-08T14:21:35.416Z] <<< [apiv2][body] POST https://firebasehosting.googleapis.com/v1beta1/projects/-/sites/discountmartapp-cc4bf/channels/live/releases {"name":"projects/299508835714/sites/discountmartapp-cc4bf/channels/live/releases/1757341295077000","version":{"name":"projects/299508835714/sites/discountmartapp-cc4bf/versions/d10a4a2c0d3f9123","status":"FINALIZED","config":{"rewrites":[{"glob":"**","path":"/index.html"}]},"labels":{"deployment-tool":"cli-firebase"},"createTime":"2025-09-08T14:21:30.812108Z","createUser":{"email":"mugabetrinity@gmail.com","imageUrl":"https://lh3.googleusercontent.com/a/ACg8ocJUU-YkeYdEq4ZwWtKBC4WpLsH4qG5JCMtD246-mRW5cshwMw=mo"},"finalizeTime":"2025-09-08T14:21:35.215018Z","finalizeUser":{"email":"mugabetrinity@gmail.com","imageUrl":"https://lh3.googleusercontent.com/a/ACg8ocJUU-YkeYdEq4ZwWtKBC4WpLsH4qG5JCMtD246-mRW5cshwMw=mo"}},"type":"DEPLOY","releaseTime":"2025-09-08T14:21:35.077Z","releaseUser":{"email":"mugabetrinity@gmail.com","imageUrl":"https://lh3.googleusercontent.com/a/ACg8ocJUU-YkeYdEq4ZwWtKBC4WpLsH4qG5JCMtD246-mRW5cshwMw=mo"}}
[debug] [2025-09-08T14:21:35.418Z] [hosting] release: {"name":"projects/299508835714/sites/discountmartapp-cc4bf/channels/live/releases/1757341295077000","version":{"name":"projects/299508835714/sites/discountmartapp-cc4bf/versions/d10a4a2c0d3f9123","status":"FINALIZED","config":{"rewrites":[{"glob":"**","path":"/index.html"}]},"labels":{"deployment-tool":"cli-firebase"},"createTime":"2025-09-08T14:21:30.812108Z","createUser":{"email":"mugabetrinity@gmail.com","imageUrl":"https://lh3.googleusercontent.com/a/ACg8ocJUU-YkeYdEq4ZwWtKBC4WpLsH4qG5JCMtD246-mRW5cshwMw=mo"},"finalizeTime":"2025-09-08T14:21:35.215018Z","finalizeUser":{"email":"mugabetrinity@gmail.com","imageUrl":"https://lh3.googleusercontent.com/a/ACg8ocJUU-YkeYdEq4ZwWtKBC4WpLsH4qG5JCMtD246-mRW5cshwMw=mo"}},"type":"DEPLOY","releaseTime":"2025-09-08T14:21:35.077Z","releaseUser":{"email":"mugabetrinity@gmail.com","imageUrl":"https://lh3.googleusercontent.com/a/ACg8ocJUU-YkeYdEq4ZwWtKBC4WpLsH4qG5JCMtD246-mRW5cshwMw=mo"}}
[info] ✔  hosting[discountmartapp-cc4bf]: release complete 
[info] 
[info] ✔  Deploy complete! 
[info] 
[info] Project Console: https://console.firebase.google.com/project/discountmartapp-cc4bf/overview
[info] Hosting URL: https://discountmartapp-cc4bf.web.app
[debug] [2025-09-08T14:47:13.022Z] ----------------------------------------------------------------------
[debug] [2025-09-08T14:47:13.092Z] Command:       /home/trinity/.nvm/versions/node/v22.15.0/bin/node /mnt/c/Users/HELLO HOME TECH/AppData/Roaming/npm/node_modules/firebase-tools/lib/bin/firebase.js deploy --only hosting
[debug] [2025-09-08T14:47:13.096Z] CLI Version:   14.15.1
[debug] [2025-09-08T14:47:13.098Z] Platform:      linux
[debug] [2025-09-08T14:47:13.099Z] Node Version:  v22.15.0
[debug] [2025-09-08T14:47:13.101Z] Time:          Mon Sep 08 2025 16:47:13 GMT+0200 (South Africa Standard Time)
[debug] [2025-09-08T14:47:13.103Z] ----------------------------------------------------------------------
[debug] 
[debug] [2025-09-08T14:47:14.585Z] > command requires scopes: ["email","openid","https://www.googleapis.com/auth/cloudplatformprojects.readonly","https://www.googleapis.com/auth/firebase","https://www.googleapis.com/auth/cloud-platform"]
[debug] [2025-09-08T14:47:14.598Z] > authorizing via signed-in user (mugabetrinity@gmail.com)
[debug] [2025-09-08T14:47:14.599Z] [iam] checking project discountmartapp-cc4bf for permissions ["firebase.projects.get","firebasehosting.sites.update"]
[debug] [2025-09-08T14:47:14.605Z] Checked if tokens are valid: true, expires at: 1757344885189
[debug] [2025-09-08T14:47:14.606Z] Checked if tokens are valid: true, expires at: 1757344885189
[debug] [2025-09-08T14:47:14.610Z] >>> [apiv2][query] POST https://cloudresourcemanager.googleapis.com/v1/projects/discountmartapp-cc4bf:testIamPermissions [none]
[debug] [2025-09-08T14:47:14.611Z] >>> [apiv2][(partial)header] POST https://cloudresourcemanager.googleapis.com/v1/projects/discountmartapp-cc4bf:testIamPermissions x-goog-quota-user=projects/discountmartapp-cc4bf
[debug] [2025-09-08T14:47:14.612Z] >>> [apiv2][body] POST https://cloudresourcemanager.googleapis.com/v1/projects/discountmartapp-cc4bf:testIamPermissions {"permissions":["firebase.projects.get","firebasehosting.sites.update"]}
[debug] [2025-09-08T14:47:16.874Z] <<< [apiv2][status] POST https://cloudresourcemanager.googleapis.com/v1/projects/discountmartapp-cc4bf:testIamPermissions 200
[debug] [2025-09-08T14:47:16.879Z] <<< [apiv2][body] POST https://cloudresourcemanager.googleapis.com/v1/projects/discountmartapp-cc4bf:testIamPermissions {"permissions":["firebase.projects.get","firebasehosting.sites.update"]}
[debug] [2025-09-08T14:47:16.887Z] Checked if tokens are valid: true, expires at: 1757344885189
[debug] [2025-09-08T14:47:16.889Z] Checked if tokens are valid: true, expires at: 1757344885189
[debug] [2025-09-08T14:47:16.892Z] >>> [apiv2][query] GET https://firebase.googleapis.com/v1beta1/projects/discountmartapp-cc4bf [none]
[debug] [2025-09-08T14:47:17.991Z] <<< [apiv2][status] GET https://firebase.googleapis.com/v1beta1/projects/discountmartapp-cc4bf 200
[debug] [2025-09-08T14:47:17.993Z] <<< [apiv2][body] GET https://firebase.googleapis.com/v1beta1/projects/discountmartapp-cc4bf {"projectId":"discountmartapp-cc4bf","projectNumber":"299508835714","displayName":"Discountmartapp","name":"projects/discountmartapp-cc4bf","resources":{"hostingSite":"discountmartapp-cc4bf"},"state":"ACTIVE","etag":"1_96e23c05-27f2-4f53-8220-ab7f7db49172"}
[info] 
[info] === Deploying to 'discountmartapp-cc4bf'...
[info] 
[info] i  deploying hosting 
[debug] [2025-09-08T14:47:18.020Z] Checked if tokens are valid: true, expires at: 1757344885189
[debug] [2025-09-08T14:47:18.021Z] Checked if tokens are valid: true, expires at: 1757344885189
[debug] [2025-09-08T14:47:18.023Z] >>> [apiv2][query] POST https://firebasehosting.googleapis.com/v1beta1/projects/-/sites/discountmartapp-cc4bf/versions [none]
[debug] [2025-09-08T14:47:18.025Z] >>> [apiv2][body] POST https://firebasehosting.googleapis.com/v1beta1/projects/-/sites/discountmartapp-cc4bf/versions {"status":"CREATED","labels":{"deployment-tool":"cli-firebase"}}
[debug] [2025-09-08T14:47:19.933Z] <<< [apiv2][status] POST https://firebasehosting.googleapis.com/v1beta1/projects/-/sites/discountmartapp-cc4bf/versions 200
[debug] [2025-09-08T14:47:19.935Z] <<< [apiv2][body] POST https://firebasehosting.googleapis.com/v1beta1/projects/-/sites/discountmartapp-cc4bf/versions {"name":"projects/299508835714/sites/discountmartapp-cc4bf/versions/5ae9d12efdf489d9","status":"CREATED","config":{},"labels":{"deployment-tool":"cli-firebase"}}
[info] i  hosting[discountmartapp-cc4bf]: beginning deploy... 
[info] i  hosting[discountmartapp-cc4bf]: found 25 files in client/dist 
[debug] [2025-09-08T14:47:20.121Z] [hosting] uploading with 200 concurrency
[debug] [2025-09-08T14:47:20.714Z] Checked if tokens are valid: true, expires at: 1757344885189
[debug] [2025-09-08T14:47:20.715Z] Checked if tokens are valid: true, expires at: 1757344885189
[debug] [2025-09-08T14:47:20.721Z] [hosting] hash cache [Y2xpZW50L2Rpc3Q] stored for 25 files
[debug] [2025-09-08T14:47:20.724Z] [hosting][hash queue][FINAL] {"max":542,"min":201,"avg":249.68,"active":0,"complete":25,"success":25,"errored":0,"retried":0,"total":25,"elapsed":592}
[debug] [2025-09-08T14:47:20.728Z] >>> [apiv2][query] POST https://firebasehosting.googleapis.com/v1beta1/projects/299508835714/sites/discountmartapp-cc4bf/versions/5ae9d12efdf489d9:populateFiles [none]
[debug] [2025-09-08T14:47:20.729Z] >>> [apiv2][body] POST https://firebasehosting.googleapis.com/v1beta1/projects/299508835714/sites/discountmartapp-cc4bf/versions/5ae9d12efdf489d9:populateFiles {"files":{"/index.html":"d3beabec597d9442e5c355e74e53e173d0bcd5724b8d3f7f756b7078dd763d93","/favicon.ico":"6cfcbbc1f61a55dbfadf4b957399d3eaf3bfdb16eb65ed43560a82dde3bd685f","/assets/inter-vietnamese-400-normal-Bbgyi5SW.woff":"4b45392576cd2d9e2cb78e5db018ca320eeb6c9e23dd48363fdd43e5291d1eae","/assets/inter-vietnamese-400-normal-DMkecbls.woff2":"617acac0f9f159d07c67da6c466793a21daf4f32130cfd8ac1a1c3806593130c","/assets/inter-greek-ext-400-normal-XIH6-K3k.woff":"9610226e86dd1d71f9ae53468e651710b38736d2eb793408a33178a54228b567","/assets/inter-greek-400-normal-DxZsaF_h.woff2":"27ae8518183abc0f153c101f391231d3b208edc515f81e4fe68dc9c5c9dd492c","/assets/inter-greek-ext-400-normal-Bput3-QP.woff2":"6c7de200f85dbd7a4a64e5b42637f01309b86b7939766e84659c49f0392b03b7","/assets/inter-cyrillic-ext-400-normal-Dc4VJyIJ.woff2":"e647d165aaac30fad23d81448d3d35baa3fde09950e56dd3bc3022f452211bc5","/assets/inter-greek-400-normal-C3I71FoW.woff":"bae4c34c5390bf0efeaa1ff2a3002112678d58fd9b860366cfc98510e7598410","/assets/inter-cyrillic-400-normal-BLGc9T1a.woff2":"93c0a460df1463390e0b91c9830159289e936a846619bead958f747905564590","/assets/Home-CB__Qzxr.js.map":"5eec21bbad09d7c69c59bd1be18a3939b856686eca728e34d08f02f1087d732e","/assets/inter-cyrillic-400-normal-alAqRL36.woff":"9624c7b1e4bd5afc6f440b711168f185072a52cd67473feda8fd427b82ab0630","/assets/Home-CB__Qzxr.js":"c47355674ff0cca57fd331073d8bb1eabbe2fa10f6f506de108cdc1dcbc1b547","/assets/inter-cyrillic-ext-400-normal-BE2fNs0E.woff":"8726f7caaf62acc5c5eeb2926b3e37022f915aec9d0d673c9e5614f2856411e1","/assets/inter-latin-400-normal-CyCys3Eg.woff":"e3ea31c6962193220d3b204a3941daf16dd8a2962b8d0b4760469561a1973adc","/assets/inter-latin-400-normal-C38fXH4l.woff2":"0f915fe00a484b988ba7715a6aaa135d77516aad4a4c2d251530084e49c855c5","/assets/inter-latin-ext-400-normal-C1nco2VV.woff2":"60882d09041aabcb2122e88ebd3158774b93998f6c5731cafeeddd9f26a080da","/assets/index-PTl7nseo.css":"8190060078b7ea9dcad57dfa7856b09023776cc18368988ac8b9efd1971ba1d9","/assets/inter-latin-ext-400-normal-77YHD8bZ.woff":"fa3f4d97f73f7a6b5be50f01a6b07f274e090ae0e3a9e96987f852c0768bf516","/assets/Checkout-ojLby03z.js":"d549343cd3b69321ebbce19a0ba47212ed4cf69e02c569c10e3f4880bea8eda2","/assets/vendor-DYYwmgDU.js":"7476c95ba284f5e107c30b014732fdb3a755dc6afe16e67e4496fffe1f46995a","/assets/index-D58X7cJ2.js":"25e4f51d4f14e3b8f9abca1c9c35f212640481839f220a91a140d4ec098323c1","/assets/Checkout-ojLby03z.js.map":"8ea5806141b524c02930efc525ca43efeebdb3a317223459ce255a3e6282b3e5","/assets/vendor-DYYwmgDU.js.map":"6d2d3b0579835af3d714f06f8996e510d43e4d0ef0f100cf9b50687d33a63480","/assets/index-D58X7cJ2.js.map":"9d7a52c459d22d198dcaca6d82ed3b0974493946732491abfa77ba902c642295"}}
[debug] [2025-09-08T14:47:21.228Z] <<< [apiv2][status] POST https://firebasehosting.googleapis.com/v1beta1/projects/299508835714/sites/discountmartapp-cc4bf/versions/5ae9d12efdf489d9:populateFiles 200
[debug] [2025-09-08T14:47:21.229Z] <<< [apiv2][body] POST https://firebasehosting.googleapis.com/v1beta1/projects/299508835714/sites/discountmartapp-cc4bf/versions/5ae9d12efdf489d9:populateFiles {"uploadUrl":"https://upload-firebasehosting.googleapis.com/upload/sites/discountmartapp-cc4bf/versions/5ae9d12efdf489d9/files"}
[debug] [2025-09-08T14:47:21.232Z] [hosting][populate queue][FINAL] {"max":518,"min":518,"avg":518,"active":0,"complete":1,"success":1,"errored":0,"retried":0,"total":1,"elapsed":519}
[debug] [2025-09-08T14:47:21.234Z] [hosting] uploads queued: 0
[debug] [2025-09-08T14:47:21.235Z] [hosting][upload queue][FINAL] {"max":0,"min":9999999999,"avg":0,"active":0,"complete":0,"success":0,"errored":0,"retried":0,"total":0,"elapsed":1757342841235}
[info] i  hosting: upload complete 
[info] ✔  hosting[discountmartapp-cc4bf]: file upload complete 
[debug] [2025-09-08T14:47:21.247Z] [hosting] deploy completed after 1226ms
[debug] [2025-09-08T14:47:21.249Z] [
  {
    "config": {
      "public": "client/dist",
      "ignore": [
        "firebase.json",
        "**/.*",
        "**/node_modules/**"
      ],
      "rewrites": [
        {
          "source": "**",
          "destination": "/index.html"
        }
      ],
      "site": "discountmartapp-cc4bf"
    },
    "version": "projects/299508835714/sites/discountmartapp-cc4bf/versions/5ae9d12efdf489d9"
  }
]
[info] i  hosting[discountmartapp-cc4bf]: finalizing version... 
[debug] [2025-09-08T14:47:21.263Z] Checked if tokens are valid: true, expires at: 1757344885189
[debug] [2025-09-08T14:47:21.264Z] Checked if tokens are valid: true, expires at: 1757344885189
[debug] [2025-09-08T14:47:21.271Z] >>> [apiv2][query] PATCH https://firebasehosting.googleapis.com/v1beta1/projects/-/sites/discountmartapp-cc4bf/versions/5ae9d12efdf489d9 updateMask=status%2Cconfig
[debug] [2025-09-08T14:47:21.273Z] >>> [apiv2][body] PATCH https://firebasehosting.googleapis.com/v1beta1/projects/-/sites/discountmartapp-cc4bf/versions/5ae9d12efdf489d9 {"status":"FINALIZED","config":{"rewrites":[{"glob":"**","path":"/index.html"}]}}
[debug] [2025-09-08T14:47:21.746Z] <<< [apiv2][status] PATCH https://firebasehosting.googleapis.com/v1beta1/projects/-/sites/discountmartapp-cc4bf/versions/5ae9d12efdf489d9 200
[debug] [2025-09-08T14:47:21.746Z] <<< [apiv2][body] PATCH https://firebasehosting.googleapis.com/v1beta1/projects/-/sites/discountmartapp-cc4bf/versions/5ae9d12efdf489d9 {"name":"projects/299508835714/sites/discountmartapp-cc4bf/versions/5ae9d12efdf489d9","status":"FINALIZED","config":{"rewrites":[{"glob":"**","path":"/index.html"}]},"labels":{"deployment-tool":"cli-firebase"},"createTime":"2025-09-08T14:47:19.631072Z","createUser":{"email":"mugabetrinity@gmail.com"},"finalizeTime":"2025-09-08T14:47:21.753397Z","finalizeUser":{"email":"mugabetrinity@gmail.com"}}
[debug] [2025-09-08T14:47:21.747Z] [hosting] finalized version for discountmartapp-cc4bf:[object Object]
[info] ✔  hosting[discountmartapp-cc4bf]: version finalized 
[info] i  hosting[discountmartapp-cc4bf]: releasing new version... 
[debug] [2025-09-08T14:47:21.749Z] Checked if tokens are valid: true, expires at: 1757344885189
[debug] [2025-09-08T14:47:21.749Z] Checked if tokens are valid: true, expires at: 1757344885189
[debug] [2025-09-08T14:47:21.751Z] >>> [apiv2][query] POST https://firebasehosting.googleapis.com/v1beta1/projects/-/sites/discountmartapp-cc4bf/channels/live/releases versionName=projects%2F299508835714%2Fsites%2Fdiscountmartapp-cc4bf%2Fversions%2F5ae9d12efdf489d9
[debug] [2025-09-08T14:47:21.751Z] >>> [apiv2][body] POST https://firebasehosting.googleapis.com/v1beta1/projects/-/sites/discountmartapp-cc4bf/channels/live/releases {}
[debug] [2025-09-08T14:47:22.245Z] <<< [apiv2][status] POST https://firebasehosting.googleapis.com/v1beta1/projects/-/sites/discountmartapp-cc4bf/channels/live/releases 200
[debug] [2025-09-08T14:47:22.246Z] <<< [apiv2][body] POST https://firebasehosting.googleapis.com/v1beta1/projects/-/sites/discountmartapp-cc4bf/channels/live/releases {"name":"projects/299508835714/sites/discountmartapp-cc4bf/channels/live/releases/1757342841701000","version":{"name":"projects/299508835714/sites/discountmartapp-cc4bf/versions/5ae9d12efdf489d9","status":"FINALIZED","config":{"rewrites":[{"glob":"**","path":"/index.html"}]},"labels":{"deployment-tool":"cli-firebase"},"createTime":"2025-09-08T14:47:19.631072Z","createUser":{"email":"mugabetrinity@gmail.com","imageUrl":"https://lh3.googleusercontent.com/a/ACg8ocJUU-YkeYdEq4ZwWtKBC4WpLsH4qG5JCMtD246-mRW5cshwMw=mo"},"finalizeTime":"2025-09-08T14:47:21.753397Z","finalizeUser":{"email":"mugabetrinity@gmail.com","imageUrl":"https://lh3.googleusercontent.com/a/ACg8ocJUU-YkeYdEq4ZwWtKBC4WpLsH4qG5JCMtD246-mRW5cshwMw=mo"}},"type":"DEPLOY","releaseTime":"2025-09-08T14:47:21.701Z","releaseUser":{"email":"mugabetrinity@gmail.com","imageUrl":"https://lh3.googleusercontent.com/a/ACg8ocJUU-YkeYdEq4ZwWtKBC4WpLsH4qG5JCMtD246-mRW5cshwMw=mo"}}
[debug] [2025-09-08T14:47:22.247Z] [hosting] release: {"name":"projects/299508835714/sites/discountmartapp-cc4bf/channels/live/releases/1757342841701000","version":{"name":"projects/299508835714/sites/discountmartapp-cc4bf/versions/5ae9d12efdf489d9","status":"FINALIZED","config":{"rewrites":[{"glob":"**","path":"/index.html"}]},"labels":{"deployment-tool":"cli-firebase"},"createTime":"2025-09-08T14:47:19.631072Z","createUser":{"email":"mugabetrinity@gmail.com","imageUrl":"https://lh3.googleusercontent.com/a/ACg8ocJUU-YkeYdEq4ZwWtKBC4WpLsH4qG5JCMtD246-mRW5cshwMw=mo"},"finalizeTime":"2025-09-08T14:47:21.753397Z","finalizeUser":{"email":"mugabetrinity@gmail.com","imageUrl":"https://lh3.googleusercontent.com/a/ACg8ocJUU-YkeYdEq4ZwWtKBC4WpLsH4qG5JCMtD246-mRW5cshwMw=mo"}},"type":"DEPLOY","releaseTime":"2025-09-08T14:47:21.701Z","releaseUser":{"email":"mugabetrinity@gmail.com","imageUrl":"https://lh3.googleusercontent.com/a/ACg8ocJUU-YkeYdEq4ZwWtKBC4WpLsH4qG5JCMtD246-mRW5cshwMw=mo"}}
[info] ✔  hosting[discountmartapp-cc4bf]: release complete 
[info] 
[info] ✔  Deploy complete! 
[info] 
[info] Project Console: https://console.firebase.google.com/project/discountmartapp-cc4bf/overview
[info] Hosting URL: https://discountmartapp-cc4bf.web.app
[debug] [2025-09-08T16:08:24.836Z] ----------------------------------------------------------------------
[debug] [2025-09-08T16:08:24.845Z] Command:       /home/trinity/.nvm/versions/node/v22.15.0/bin/node /mnt/c/Users/HELLO HOME TECH/AppData/Roaming/npm/node_modules/firebase-tools/lib/bin/firebase.js deploy --only hosting --project discountmartapp-cc4bf
[debug] [2025-09-08T16:08:24.845Z] CLI Version:   14.15.1
[debug] [2025-09-08T16:08:24.845Z] Platform:      linux
[debug] [2025-09-08T16:08:24.846Z] Node Version:  v22.15.0
[debug] [2025-09-08T16:08:24.846Z] Time:          Mon Sep 08 2025 18:08:24 GMT+0200 (South Africa Standard Time)
[debug] [2025-09-08T16:08:24.846Z] ----------------------------------------------------------------------
[debug] 
[debug] [2025-09-08T16:08:26.199Z] > command requires scopes: ["email","openid","https://www.googleapis.com/auth/cloudplatformprojects.readonly","https://www.googleapis.com/auth/firebase","https://www.googleapis.com/auth/cloud-platform"]
[debug] [2025-09-08T16:08:26.202Z] > authorizing via signed-in user (mugabetrinity@gmail.com)
[debug] [2025-09-08T16:08:26.203Z] [iam] checking project discountmartapp-cc4bf for permissions ["firebase.projects.get","firebasehosting.sites.update"]
[debug] [2025-09-08T16:08:26.204Z] Checked if tokens are valid: false, expires at: 1757344885189
[debug] [2025-09-08T16:08:26.204Z] Checked if tokens are valid: false, expires at: 1757344885189
[debug] [2025-09-08T16:08:26.205Z] > refreshing access token with scopes: []
[debug] [2025-09-08T16:08:26.212Z] >>> [apiv2][query] POST https://www.googleapis.com/oauth2/v3/token [none]
[debug] [2025-09-08T16:08:26.212Z] >>> [apiv2][body] POST https://www.googleapis.com/oauth2/v3/token [omitted]
[debug] [2025-09-08T16:08:27.008Z] <<< [apiv2][status] POST https://www.googleapis.com/oauth2/v3/token 200
[debug] [2025-09-08T16:08:27.009Z] <<< [apiv2][body] POST https://www.googleapis.com/oauth2/v3/token [omitted]
[debug] [2025-09-08T16:08:27.026Z] >>> [apiv2][query] POST https://cloudresourcemanager.googleapis.com/v1/projects/discountmartapp-cc4bf:testIamPermissions [none]
[debug] [2025-09-08T16:08:27.026Z] >>> [apiv2][(partial)header] POST https://cloudresourcemanager.googleapis.com/v1/projects/discountmartapp-cc4bf:testIamPermissions x-goog-quota-user=projects/discountmartapp-cc4bf
[debug] [2025-09-08T16:08:27.026Z] >>> [apiv2][body] POST https://cloudresourcemanager.googleapis.com/v1/projects/discountmartapp-cc4bf:testIamPermissions {"permissions":["firebase.projects.get","firebasehosting.sites.update"]}
[debug] [2025-09-08T16:08:29.067Z] <<< [apiv2][status] POST https://cloudresourcemanager.googleapis.com/v1/projects/discountmartapp-cc4bf:testIamPermissions 200
[debug] [2025-09-08T16:08:29.068Z] <<< [apiv2][body] POST https://cloudresourcemanager.googleapis.com/v1/projects/discountmartapp-cc4bf:testIamPermissions {"permissions":["firebase.projects.get","firebasehosting.sites.update"]}
[debug] [2025-09-08T16:08:29.069Z] Checked if tokens are valid: true, expires at: 1757351306010
[debug] [2025-09-08T16:08:29.069Z] Checked if tokens are valid: true, expires at: 1757351306010
[debug] [2025-09-08T16:08:29.070Z] >>> [apiv2][query] GET https://firebase.googleapis.com/v1beta1/projects/discountmartapp-cc4bf [none]
[debug] [2025-09-08T16:08:29.902Z] <<< [apiv2][status] GET https://firebase.googleapis.com/v1beta1/projects/discountmartapp-cc4bf 200
[debug] [2025-09-08T16:08:29.902Z] <<< [apiv2][body] GET https://firebase.googleapis.com/v1beta1/projects/discountmartapp-cc4bf {"projectId":"discountmartapp-cc4bf","projectNumber":"299508835714","displayName":"Discountmartapp","name":"projects/discountmartapp-cc4bf","resources":{"hostingSite":"discountmartapp-cc4bf"},"state":"ACTIVE","etag":"1_96e23c05-27f2-4f53-8220-ab7f7db49172"}
[info] 
[info] === Deploying to 'discountmartapp-cc4bf'...
[info] 
[info] i  deploying hosting 
[debug] [2025-09-08T16:08:29.907Z] Checked if tokens are valid: true, expires at: 1757351306010
[debug] [2025-09-08T16:08:29.907Z] Checked if tokens are valid: true, expires at: 1757351306010
[debug] [2025-09-08T16:08:29.908Z] >>> [apiv2][query] POST https://firebasehosting.googleapis.com/v1beta1/projects/-/sites/discountmartapp-cc4bf/versions [none]
[debug] [2025-09-08T16:08:29.908Z] >>> [apiv2][body] POST https://firebasehosting.googleapis.com/v1beta1/projects/-/sites/discountmartapp-cc4bf/versions {"status":"CREATED","labels":{"deployment-tool":"cli-firebase"}}
[debug] [2025-09-08T16:08:31.735Z] <<< [apiv2][status] POST https://firebasehosting.googleapis.com/v1beta1/projects/-/sites/discountmartapp-cc4bf/versions 200
[debug] [2025-09-08T16:08:31.735Z] <<< [apiv2][body] POST https://firebasehosting.googleapis.com/v1beta1/projects/-/sites/discountmartapp-cc4bf/versions {"name":"projects/299508835714/sites/discountmartapp-cc4bf/versions/df2a95e2cb9327f7","status":"CREATED","config":{},"labels":{"deployment-tool":"cli-firebase"}}
[info] i  hosting[discountmartapp-cc4bf]: beginning deploy... 
[info] i  hosting[discountmartapp-cc4bf]: found 25 files in client/dist 
[debug] [2025-09-08T16:08:31.768Z] [hosting] uploading with 200 concurrency
[debug] [2025-09-08T16:08:31.962Z] Checked if tokens are valid: true, expires at: 1757351306010
[debug] [2025-09-08T16:08:31.963Z] Checked if tokens are valid: true, expires at: 1757351306010
[debug] [2025-09-08T16:08:31.964Z] [hosting] hash cache [Y2xpZW50L2Rpc3Q] stored for 25 files
[debug] [2025-09-08T16:08:31.964Z] [hosting][hash queue][FINAL] {"max":188,"min":52,"avg":68.92,"active":0,"complete":25,"success":25,"errored":0,"retried":0,"total":25,"elapsed":194}
[debug] [2025-09-08T16:08:31.965Z] >>> [apiv2][query] POST https://firebasehosting.googleapis.com/v1beta1/projects/299508835714/sites/discountmartapp-cc4bf/versions/df2a95e2cb9327f7:populateFiles [none]
[debug] [2025-09-08T16:08:31.965Z] >>> [apiv2][body] POST https://firebasehosting.googleapis.com/v1beta1/projects/299508835714/sites/discountmartapp-cc4bf/versions/df2a95e2cb9327f7:populateFiles {"files":{"/index.html":"d57e5c5490fa7cb9af6529d997bec10a827f175435e33c33a73082ba882741fa","/favicon.ico":"6cfcbbc1f61a55dbfadf4b957399d3eaf3bfdb16eb65ed43560a82dde3bd685f","/assets/inter-vietnamese-400-normal-DMkecbls.woff2":"617acac0f9f159d07c67da6c466793a21daf4f32130cfd8ac1a1c3806593130c","/assets/inter-vietnamese-400-normal-Bbgyi5SW.woff":"4b45392576cd2d9e2cb78e5db018ca320eeb6c9e23dd48363fdd43e5291d1eae","/assets/inter-greek-400-normal-C3I71FoW.woff":"bae4c34c5390bf0efeaa1ff2a3002112678d58fd9b860366cfc98510e7598410","/assets/inter-greek-ext-400-normal-Bput3-QP.woff2":"6c7de200f85dbd7a4a64e5b42637f01309b86b7939766e84659c49f0392b03b7","/assets/inter-cyrillic-ext-400-normal-Dc4VJyIJ.woff2":"e647d165aaac30fad23d81448d3d35baa3fde09950e56dd3bc3022f452211bc5","/assets/inter-greek-400-normal-DxZsaF_h.woff2":"27ae8518183abc0f153c101f391231d3b208edc515f81e4fe68dc9c5c9dd492c","/assets/inter-greek-ext-400-normal-XIH6-K3k.woff":"9610226e86dd1d71f9ae53468e651710b38736d2eb793408a33178a54228b567","/assets/inter-cyrillic-400-normal-alAqRL36.woff":"9624c7b1e4bd5afc6f440b711168f185072a52cd67473feda8fd427b82ab0630","/assets/inter-cyrillic-ext-400-normal-BE2fNs0E.woff":"8726f7caaf62acc5c5eeb2926b3e37022f915aec9d0d673c9e5614f2856411e1","/assets/Home-2QQhz0oj.js":"43e4b0cf5244d6419820a469aac5870d34679c25ab48505fe17315857e0f1913","/assets/Home-2QQhz0oj.js.map":"6921e8469930da58f7c03d0994ddda98d16a89bfc98808a6ac026b83a9472915","/assets/inter-cyrillic-400-normal-BLGc9T1a.woff2":"93c0a460df1463390e0b91c9830159289e936a846619bead958f747905564590","/assets/inter-latin-400-normal-C38fXH4l.woff2":"0f915fe00a484b988ba7715a6aaa135d77516aad4a4c2d251530084e49c855c5","/assets/inter-latin-400-normal-CyCys3Eg.woff":"e3ea31c6962193220d3b204a3941daf16dd8a2962b8d0b4760469561a1973adc","/assets/inter-latin-ext-400-normal-C1nco2VV.woff2":"60882d09041aabcb2122e88ebd3158774b93998f6c5731cafeeddd9f26a080da","/assets/index-PTl7nseo.css":"8190060078b7ea9dcad57dfa7856b09023776cc18368988ac8b9efd1971ba1d9","/assets/inter-latin-ext-400-normal-77YHD8bZ.woff":"fa3f4d97f73f7a6b5be50f01a6b07f274e090ae0e3a9e96987f852c0768bf516","/assets/Checkout-BypzcdJF.js":"ff63c203001a4d03595630d6a5008ac0d9f3ca698bbc701e8d208adf8941553d","/assets/vendor-DYYwmgDU.js":"7476c95ba284f5e107c30b014732fdb3a755dc6afe16e67e4496fffe1f46995a","/assets/index-Bs8MBr-O.js":"485c960a97f2fd9cc8ae27bed8b30b6560fadf402f70c802f14b64b1217652e9","/assets/Checkout-BypzcdJF.js.map":"d887c13b1ff6ac0f4870acb8fa3f0cdb2b3cd8ffe0d5e4f7c1da68aa07fd9607","/assets/vendor-DYYwmgDU.js.map":"6d2d3b0579835af3d714f06f8996e510d43e4d0ef0f100cf9b50687d33a63480","/assets/index-Bs8MBr-O.js.map":"4154dc6eeaa0a709e4d3e9d5ee9c93f6426195bcc29d2e90f1c3328db510b2b9"}}
[debug] [2025-09-08T16:08:32.447Z] <<< [apiv2][status] POST https://firebasehosting.googleapis.com/v1beta1/projects/299508835714/sites/discountmartapp-cc4bf/versions/df2a95e2cb9327f7:populateFiles 200
[debug] [2025-09-08T16:08:32.447Z] <<< [apiv2][body] POST https://firebasehosting.googleapis.com/v1beta1/projects/299508835714/sites/discountmartapp-cc4bf/versions/df2a95e2cb9327f7:populateFiles {"uploadRequiredHashes":["d57e5c5490fa7cb9af6529d997bec10a827f175435e33c33a73082ba882741fa","43e4b0cf5244d6419820a469aac5870d34679c25ab48505fe17315857e0f1913","6921e8469930da58f7c03d0994ddda98d16a89bfc98808a6ac026b83a9472915","ff63c203001a4d03595630d6a5008ac0d9f3ca698bbc701e8d208adf8941553d","485c960a97f2fd9cc8ae27bed8b30b6560fadf402f70c802f14b64b1217652e9","d887c13b1ff6ac0f4870acb8fa3f0cdb2b3cd8ffe0d5e4f7c1da68aa07fd9607","4154dc6eeaa0a709e4d3e9d5ee9c93f6426195bcc29d2e90f1c3328db510b2b9"],"uploadUrl":"https://upload-firebasehosting.googleapis.com/upload/sites/discountmartapp-cc4bf/versions/df2a95e2cb9327f7/files"}
[debug] [2025-09-08T16:08:32.449Z] Checked if tokens are valid: true, expires at: 1757351306010
[debug] [2025-09-08T16:08:32.449Z] Checked if tokens are valid: true, expires at: 1757351306010
[debug] [2025-09-08T16:08:32.450Z] Checked if tokens are valid: true, expires at: 1757351306010
[debug] [2025-09-08T16:08:32.451Z] Checked if tokens are valid: true, expires at: 1757351306010
[debug] [2025-09-08T16:08:32.451Z] Checked if tokens are valid: true, expires at: 1757351306010
[debug] [2025-09-08T16:08:32.452Z] Checked if tokens are valid: true, expires at: 1757351306010
[debug] [2025-09-08T16:08:32.452Z] Checked if tokens are valid: true, expires at: 1757351306010
[debug] [2025-09-08T16:08:32.452Z] Checked if tokens are valid: true, expires at: 1757351306010
[debug] [2025-09-08T16:08:32.453Z] Checked if tokens are valid: true, expires at: 1757351306010
[debug] [2025-09-08T16:08:32.453Z] Checked if tokens are valid: true, expires at: 1757351306010
[debug] [2025-09-08T16:08:32.453Z] Checked if tokens are valid: true, expires at: 1757351306010
[debug] [2025-09-08T16:08:32.454Z] Checked if tokens are valid: true, expires at: 1757351306010
[debug] [2025-09-08T16:08:32.454Z] Checked if tokens are valid: true, expires at: 1757351306010
[debug] [2025-09-08T16:08:32.454Z] Checked if tokens are valid: true, expires at: 1757351306010
[debug] [2025-09-08T16:08:32.455Z] >>> [apiv2][query] POST https://upload-firebasehosting.googleapis.com/upload/sites/discountmartapp-cc4bf/versions/df2a95e2cb9327f7/files/d57e5c5490fa7cb9af6529d997bec10a827f175435e33c33a73082ba882741fa [none]
[debug] [2025-09-08T16:08:32.455Z] >>> [apiv2][body] POST https://upload-firebasehosting.googleapis.com/upload/sites/discountmartapp-cc4bf/versions/df2a95e2cb9327f7/files/d57e5c5490fa7cb9af6529d997bec10a827f175435e33c33a73082ba882741fa [stream]
[debug] [2025-09-08T16:08:32.459Z] >>> [apiv2][query] POST https://upload-firebasehosting.googleapis.com/upload/sites/discountmartapp-cc4bf/versions/df2a95e2cb9327f7/files/43e4b0cf5244d6419820a469aac5870d34679c25ab48505fe17315857e0f1913 [none]
[debug] [2025-09-08T16:08:32.459Z] >>> [apiv2][body] POST https://upload-firebasehosting.googleapis.com/upload/sites/discountmartapp-cc4bf/versions/df2a95e2cb9327f7/files/43e4b0cf5244d6419820a469aac5870d34679c25ab48505fe17315857e0f1913 [stream]
[debug] [2025-09-08T16:08:32.462Z] >>> [apiv2][query] POST https://upload-firebasehosting.googleapis.com/upload/sites/discountmartapp-cc4bf/versions/df2a95e2cb9327f7/files/6921e8469930da58f7c03d0994ddda98d16a89bfc98808a6ac026b83a9472915 [none]
[debug] [2025-09-08T16:08:32.463Z] >>> [apiv2][body] POST https://upload-firebasehosting.googleapis.com/upload/sites/discountmartapp-cc4bf/versions/df2a95e2cb9327f7/files/6921e8469930da58f7c03d0994ddda98d16a89bfc98808a6ac026b83a9472915 [stream]
[debug] [2025-09-08T16:08:32.466Z] >>> [apiv2][query] POST https://upload-firebasehosting.googleapis.com/upload/sites/discountmartapp-cc4bf/versions/df2a95e2cb9327f7/files/ff63c203001a4d03595630d6a5008ac0d9f3ca698bbc701e8d208adf8941553d [none]
[debug] [2025-09-08T16:08:32.466Z] >>> [apiv2][body] POST https://upload-firebasehosting.googleapis.com/upload/sites/discountmartapp-cc4bf/versions/df2a95e2cb9327f7/files/ff63c203001a4d03595630d6a5008ac0d9f3ca698bbc701e8d208adf8941553d [stream]
[debug] [2025-09-08T16:08:32.470Z] >>> [apiv2][query] POST https://upload-firebasehosting.googleapis.com/upload/sites/discountmartapp-cc4bf/versions/df2a95e2cb9327f7/files/485c960a97f2fd9cc8ae27bed8b30b6560fadf402f70c802f14b64b1217652e9 [none]
[debug] [2025-09-08T16:08:32.470Z] >>> [apiv2][body] POST https://upload-firebasehosting.googleapis.com/upload/sites/discountmartapp-cc4bf/versions/df2a95e2cb9327f7/files/485c960a97f2fd9cc8ae27bed8b30b6560fadf402f70c802f14b64b1217652e9 [stream]
[debug] [2025-09-08T16:08:32.472Z] >>> [apiv2][query] POST https://upload-firebasehosting.googleapis.com/upload/sites/discountmartapp-cc4bf/versions/df2a95e2cb9327f7/files/d887c13b1ff6ac0f4870acb8fa3f0cdb2b3cd8ffe0d5e4f7c1da68aa07fd9607 [none]
[debug] [2025-09-08T16:08:32.472Z] >>> [apiv2][body] POST https://upload-firebasehosting.googleapis.com/upload/sites/discountmartapp-cc4bf/versions/df2a95e2cb9327f7/files/d887c13b1ff6ac0f4870acb8fa3f0cdb2b3cd8ffe0d5e4f7c1da68aa07fd9607 [stream]
[debug] [2025-09-08T16:08:32.473Z] >>> [apiv2][query] POST https://upload-firebasehosting.googleapis.com/upload/sites/discountmartapp-cc4bf/versions/df2a95e2cb9327f7/files/4154dc6eeaa0a709e4d3e9d5ee9c93f6426195bcc29d2e90f1c3328db510b2b9 [none]
[debug] [2025-09-08T16:08:32.473Z] >>> [apiv2][body] POST https://upload-firebasehosting.googleapis.com/upload/sites/discountmartapp-cc4bf/versions/df2a95e2cb9327f7/files/4154dc6eeaa0a709e4d3e9d5ee9c93f6426195bcc29d2e90f1c3328db510b2b9 [stream]
[debug] [2025-09-08T16:08:32.475Z] [hosting][populate queue][FINAL] {"max":492,"min":492,"avg":492,"active":0,"complete":1,"success":1,"errored":0,"retried":0,"total":1,"elapsed":513}
[debug] [2025-09-08T16:08:32.475Z] [hosting] uploads queued: 7
[info] i  hosting: uploading new files [0/7] (0%) 
[debug] [2025-09-08T16:08:34.560Z] <<< [apiv2][status] POST https://upload-firebasehosting.googleapis.com/upload/sites/discountmartapp-cc4bf/versions/df2a95e2cb9327f7/files/6921e8469930da58f7c03d0994ddda98d16a89bfc98808a6ac026b83a9472915 200
[debug] [2025-09-08T16:08:34.561Z] <<< [apiv2][body] POST https://upload-firebasehosting.googleapis.com/upload/sites/discountmartapp-cc4bf/versions/df2a95e2cb9327f7/files/6921e8469930da58f7c03d0994ddda98d16a89bfc98808a6ac026b83a9472915 [stream]
[debug] [2025-09-08T16:08:34.619Z] <<< [apiv2][status] POST https://upload-firebasehosting.googleapis.com/upload/sites/discountmartapp-cc4bf/versions/df2a95e2cb9327f7/files/43e4b0cf5244d6419820a469aac5870d34679c25ab48505fe17315857e0f1913 200
[debug] [2025-09-08T16:08:34.620Z] <<< [apiv2][body] POST https://upload-firebasehosting.googleapis.com/upload/sites/discountmartapp-cc4bf/versions/df2a95e2cb9327f7/files/43e4b0cf5244d6419820a469aac5870d34679c25ab48505fe17315857e0f1913 [stream]
[debug] [2025-09-08T16:08:34.824Z] <<< [apiv2][status] POST https://upload-firebasehosting.googleapis.com/upload/sites/discountmartapp-cc4bf/versions/df2a95e2cb9327f7/files/d57e5c5490fa7cb9af6529d997bec10a827f175435e33c33a73082ba882741fa 200
[debug] [2025-09-08T16:08:34.824Z] <<< [apiv2][body] POST https://upload-firebasehosting.googleapis.com/upload/sites/discountmartapp-cc4bf/versions/df2a95e2cb9327f7/files/d57e5c5490fa7cb9af6529d997bec10a827f175435e33c33a73082ba882741fa [stream]
[debug] [2025-09-08T16:08:34.884Z] <<< [apiv2][status] POST https://upload-firebasehosting.googleapis.com/upload/sites/discountmartapp-cc4bf/versions/df2a95e2cb9327f7/files/ff63c203001a4d03595630d6a5008ac0d9f3ca698bbc701e8d208adf8941553d 200
[debug] [2025-09-08T16:08:34.884Z] <<< [apiv2][body] POST https://upload-firebasehosting.googleapis.com/upload/sites/discountmartapp-cc4bf/versions/df2a95e2cb9327f7/files/ff63c203001a4d03595630d6a5008ac0d9f3ca698bbc701e8d208adf8941553d [stream]
[debug] [2025-09-08T16:08:34.978Z] <<< [apiv2][status] POST https://upload-firebasehosting.googleapis.com/upload/sites/discountmartapp-cc4bf/versions/df2a95e2cb9327f7/files/485c960a97f2fd9cc8ae27bed8b30b6560fadf402f70c802f14b64b1217652e9 200
[debug] [2025-09-08T16:08:34.979Z] <<< [apiv2][body] POST https://upload-firebasehosting.googleapis.com/upload/sites/discountmartapp-cc4bf/versions/df2a95e2cb9327f7/files/485c960a97f2fd9cc8ae27bed8b30b6560fadf402f70c802f14b64b1217652e9 [stream]
[debug] [2025-09-08T16:08:34.988Z] <<< [apiv2][status] POST https://upload-firebasehosting.googleapis.com/upload/sites/discountmartapp-cc4bf/versions/df2a95e2cb9327f7/files/d887c13b1ff6ac0f4870acb8fa3f0cdb2b3cd8ffe0d5e4f7c1da68aa07fd9607 200
[debug] [2025-09-08T16:08:34.988Z] <<< [apiv2][body] POST https://upload-firebasehosting.googleapis.com/upload/sites/discountmartapp-cc4bf/versions/df2a95e2cb9327f7/files/d887c13b1ff6ac0f4870acb8fa3f0cdb2b3cd8ffe0d5e4f7c1da68aa07fd9607 [stream]
[info] i  hosting: uploading new files [6/7] (85%) 
[debug] [2025-09-08T16:08:35.950Z] <<< [apiv2][status] POST https://upload-firebasehosting.googleapis.com/upload/sites/discountmartapp-cc4bf/versions/df2a95e2cb9327f7/files/4154dc6eeaa0a709e4d3e9d5ee9c93f6426195bcc29d2e90f1c3328db510b2b9 200
[debug] [2025-09-08T16:08:35.950Z] <<< [apiv2][body] POST https://upload-firebasehosting.googleapis.com/upload/sites/discountmartapp-cc4bf/versions/df2a95e2cb9327f7/files/4154dc6eeaa0a709e4d3e9d5ee9c93f6426195bcc29d2e90f1c3328db510b2b9 [stream]
[debug] [2025-09-08T16:08:35.951Z] [hosting][upload queue][FINAL] {"max":3496,"min":2110,"avg":2521,"active":0,"complete":7,"success":7,"errored":0,"retried":0,"total":7,"elapsed":3503}
[info] i  hosting: upload complete 
[info] ✔  hosting[discountmartapp-cc4bf]: file upload complete 
[debug] [2025-09-08T16:08:35.951Z] [hosting] deploy completed after 4199ms
[debug] [2025-09-08T16:08:35.952Z] [
  {
    "config": {
      "public": "client/dist",
      "ignore": [
        "firebase.json",
        "**/.*",
        "**/node_modules/**"
      ],
      "rewrites": [
        {
          "source": "**",
          "destination": "/index.html"
        }
      ],
      "site": "discountmartapp-cc4bf"
    },
    "version": "projects/299508835714/sites/discountmartapp-cc4bf/versions/df2a95e2cb9327f7"
  }
]
[info] i  hosting[discountmartapp-cc4bf]: finalizing version... 
[debug] [2025-09-08T16:08:35.954Z] Checked if tokens are valid: true, expires at: 1757351306010
[debug] [2025-09-08T16:08:35.955Z] Checked if tokens are valid: true, expires at: 1757351306010
[debug] [2025-09-08T16:08:35.957Z] >>> [apiv2][query] PATCH https://firebasehosting.googleapis.com/v1beta1/projects/-/sites/discountmartapp-cc4bf/versions/df2a95e2cb9327f7 updateMask=status%2Cconfig
[debug] [2025-09-08T16:08:35.957Z] >>> [apiv2][body] PATCH https://firebasehosting.googleapis.com/v1beta1/projects/-/sites/discountmartapp-cc4bf/versions/df2a95e2cb9327f7 {"status":"FINALIZED","config":{"rewrites":[{"glob":"**","path":"/index.html"}]}}
[debug] [2025-09-08T16:08:36.361Z] <<< [apiv2][status] PATCH https://firebasehosting.googleapis.com/v1beta1/projects/-/sites/discountmartapp-cc4bf/versions/df2a95e2cb9327f7 200
[debug] [2025-09-08T16:08:36.361Z] <<< [apiv2][body] PATCH https://firebasehosting.googleapis.com/v1beta1/projects/-/sites/discountmartapp-cc4bf/versions/df2a95e2cb9327f7 {"name":"projects/299508835714/sites/discountmartapp-cc4bf/versions/df2a95e2cb9327f7","status":"FINALIZED","config":{"rewrites":[{"glob":"**","path":"/index.html"}]},"labels":{"deployment-tool":"cli-firebase"},"createTime":"2025-09-08T16:08:31.354225Z","createUser":{"email":"mugabetrinity@gmail.com"},"finalizeTime":"2025-09-08T16:08:36.320413Z","finalizeUser":{"email":"mugabetrinity@gmail.com"}}
[debug] [2025-09-08T16:08:36.362Z] [hosting] finalized version for discountmartapp-cc4bf:[object Object]
[info] ✔  hosting[discountmartapp-cc4bf]: version finalized 
[info] i  hosting[discountmartapp-cc4bf]: releasing new version... 
[debug] [2025-09-08T16:08:36.363Z] Checked if tokens are valid: true, expires at: 1757351306010
[debug] [2025-09-08T16:08:36.363Z] Checked if tokens are valid: true, expires at: 1757351306010
[debug] [2025-09-08T16:08:36.364Z] >>> [apiv2][query] POST https://firebasehosting.googleapis.com/v1beta1/projects/-/sites/discountmartapp-cc4bf/channels/live/releases versionName=projects%2F299508835714%2Fsites%2Fdiscountmartapp-cc4bf%2Fversions%2Fdf2a95e2cb9327f7
[debug] [2025-09-08T16:08:36.364Z] >>> [apiv2][body] POST https://firebasehosting.googleapis.com/v1beta1/projects/-/sites/discountmartapp-cc4bf/channels/live/releases {}
[debug] [2025-09-08T16:08:36.825Z] <<< [apiv2][status] POST https://firebasehosting.googleapis.com/v1beta1/projects/-/sites/discountmartapp-cc4bf/channels/live/releases 200
[debug] [2025-09-08T16:08:36.825Z] <<< [apiv2][body] POST https://firebasehosting.googleapis.com/v1beta1/projects/-/sites/discountmartapp-cc4bf/channels/live/releases {"name":"projects/299508835714/sites/discountmartapp-cc4bf/channels/live/releases/1757347716228000","version":{"name":"projects/299508835714/sites/discountmartapp-cc4bf/versions/df2a95e2cb9327f7","status":"FINALIZED","config":{"rewrites":[{"glob":"**","path":"/index.html"}]},"labels":{"deployment-tool":"cli-firebase"},"createTime":"2025-09-08T16:08:31.354225Z","createUser":{"email":"mugabetrinity@gmail.com","imageUrl":"https://lh3.googleusercontent.com/a/ACg8ocJUU-YkeYdEq4ZwWtKBC4WpLsH4qG5JCMtD246-mRW5cshwMw=mo"},"finalizeTime":"2025-09-08T16:08:36.320413Z","finalizeUser":{"email":"mugabetrinity@gmail.com","imageUrl":"https://lh3.googleusercontent.com/a/ACg8ocJUU-YkeYdEq4ZwWtKBC4WpLsH4qG5JCMtD246-mRW5cshwMw=mo"}},"type":"DEPLOY","releaseTime":"2025-09-08T16:08:36.228Z","releaseUser":{"email":"mugabetrinity@gmail.com","imageUrl":"https://lh3.googleusercontent.com/a/ACg8ocJUU-YkeYdEq4ZwWtKBC4WpLsH4qG5JCMtD246-mRW5cshwMw=mo"}}
[debug] [2025-09-08T16:08:36.826Z] [hosting] release: {"name":"projects/299508835714/sites/discountmartapp-cc4bf/channels/live/releases/1757347716228000","version":{"name":"projects/299508835714/sites/discountmartapp-cc4bf/versions/df2a95e2cb9327f7","status":"FINALIZED","config":{"rewrites":[{"glob":"**","path":"/index.html"}]},"labels":{"deployment-tool":"cli-firebase"},"createTime":"2025-09-08T16:08:31.354225Z","createUser":{"email":"mugabetrinity@gmail.com","imageUrl":"https://lh3.googleusercontent.com/a/ACg8ocJUU-YkeYdEq4ZwWtKBC4WpLsH4qG5JCMtD246-mRW5cshwMw=mo"},"finalizeTime":"2025-09-08T16:08:36.320413Z","finalizeUser":{"email":"mugabetrinity@gmail.com","imageUrl":"https://lh3.googleusercontent.com/a/ACg8ocJUU-YkeYdEq4ZwWtKBC4WpLsH4qG5JCMtD246-mRW5cshwMw=mo"}},"type":"DEPLOY","releaseTime":"2025-09-08T16:08:36.228Z","releaseUser":{"email":"mugabetrinity@gmail.com","imageUrl":"https://lh3.googleusercontent.com/a/ACg8ocJUU-YkeYdEq4ZwWtKBC4WpLsH4qG5JCMtD246-mRW5cshwMw=mo"}}
[info] ✔  hosting[discountmartapp-cc4bf]: release complete 
[info] 
[info] ✔  Deploy complete! 
[info] 
[info] Project Console: https://console.firebase.google.com/project/discountmartapp-cc4bf/overview
[info] Hosting URL: https://discountmartapp-cc4bf.web.app
[debug] [2025-09-08T16:31:43.804Z] ----------------------------------------------------------------------
[debug] [2025-09-08T16:31:43.814Z] Command:       /home/trinity/.nvm/versions/node/v22.15.0/bin/node /mnt/c/Users/HELLO HOME TECH/AppData/Roaming/npm/node_modules/firebase-tools/lib/bin/firebase.js deploy --only hosting --project discountmartapp-cc4bf
[debug] [2025-09-08T16:31:43.815Z] CLI Version:   14.15.1
[debug] [2025-09-08T16:31:43.815Z] Platform:      linux
[debug] [2025-09-08T16:31:43.815Z] Node Version:  v22.15.0
[debug] [2025-09-08T16:31:43.815Z] Time:          Mon Sep 08 2025 18:31:43 GMT+0200 (South Africa Standard Time)
[debug] [2025-09-08T16:31:43.816Z] ----------------------------------------------------------------------
[debug] 
[debug] [2025-09-08T16:31:44.230Z] > command requires scopes: ["email","openid","https://www.googleapis.com/auth/cloudplatformprojects.readonly","https://www.googleapis.com/auth/firebase","https://www.googleapis.com/auth/cloud-platform"]
[debug] [2025-09-08T16:31:44.232Z] > authorizing via signed-in user (mugabetrinity@gmail.com)
[debug] [2025-09-08T16:31:44.232Z] [iam] checking project discountmartapp-cc4bf for permissions ["firebase.projects.get","firebasehosting.sites.update"]
[debug] [2025-09-08T16:31:44.234Z] Checked if tokens are valid: true, expires at: 1757351306010
[debug] [2025-09-08T16:31:44.234Z] Checked if tokens are valid: true, expires at: 1757351306010
[debug] [2025-09-08T16:31:44.235Z] >>> [apiv2][query] POST https://cloudresourcemanager.googleapis.com/v1/projects/discountmartapp-cc4bf:testIamPermissions [none]
[debug] [2025-09-08T16:31:44.236Z] >>> [apiv2][(partial)header] POST https://cloudresourcemanager.googleapis.com/v1/projects/discountmartapp-cc4bf:testIamPermissions x-goog-quota-user=projects/discountmartapp-cc4bf
[debug] [2025-09-08T16:31:44.236Z] >>> [apiv2][body] POST https://cloudresourcemanager.googleapis.com/v1/projects/discountmartapp-cc4bf:testIamPermissions {"permissions":["firebase.projects.get","firebasehosting.sites.update"]}
[debug] [2025-09-08T16:31:46.788Z] <<< [apiv2][status] POST https://cloudresourcemanager.googleapis.com/v1/projects/discountmartapp-cc4bf:testIamPermissions 200
[debug] [2025-09-08T16:31:46.788Z] <<< [apiv2][body] POST https://cloudresourcemanager.googleapis.com/v1/projects/discountmartapp-cc4bf:testIamPermissions {"permissions":["firebase.projects.get","firebasehosting.sites.update"]}
[debug] [2025-09-08T16:31:46.789Z] Checked if tokens are valid: true, expires at: 1757351306010
[debug] [2025-09-08T16:31:46.789Z] Checked if tokens are valid: true, expires at: 1757351306010
[debug] [2025-09-08T16:31:46.790Z] >>> [apiv2][query] GET https://firebase.googleapis.com/v1beta1/projects/discountmartapp-cc4bf [none]
[debug] [2025-09-08T16:31:47.675Z] <<< [apiv2][status] GET https://firebase.googleapis.com/v1beta1/projects/discountmartapp-cc4bf 200
[debug] [2025-09-08T16:31:47.676Z] <<< [apiv2][body] GET https://firebase.googleapis.com/v1beta1/projects/discountmartapp-cc4bf {"projectId":"discountmartapp-cc4bf","projectNumber":"299508835714","displayName":"Discountmartapp","name":"projects/discountmartapp-cc4bf","resources":{"hostingSite":"discountmartapp-cc4bf"},"state":"ACTIVE","etag":"1_96e23c05-27f2-4f53-8220-ab7f7db49172"}
[info] 
[info] === Deploying to 'discountmartapp-cc4bf'...
[info] 
[info] i  deploying hosting 
[debug] [2025-09-08T16:31:47.689Z] Checked if tokens are valid: true, expires at: 1757351306010
[debug] [2025-09-08T16:31:47.689Z] Checked if tokens are valid: true, expires at: 1757351306010
[debug] [2025-09-08T16:31:47.690Z] >>> [apiv2][query] POST https://firebasehosting.googleapis.com/v1beta1/projects/-/sites/discountmartapp-cc4bf/versions [none]
[debug] [2025-09-08T16:31:47.690Z] >>> [apiv2][body] POST https://firebasehosting.googleapis.com/v1beta1/projects/-/sites/discountmartapp-cc4bf/versions {"status":"CREATED","labels":{"deployment-tool":"cli-firebase"}}
[debug] [2025-09-08T16:31:49.478Z] <<< [apiv2][status] POST https://firebasehosting.googleapis.com/v1beta1/projects/-/sites/discountmartapp-cc4bf/versions 200
[debug] [2025-09-08T16:31:49.478Z] <<< [apiv2][body] POST https://firebasehosting.googleapis.com/v1beta1/projects/-/sites/discountmartapp-cc4bf/versions {"name":"projects/299508835714/sites/discountmartapp-cc4bf/versions/33649ef9071549bc","status":"CREATED","config":{},"labels":{"deployment-tool":"cli-firebase"}}
[info] i  hosting[discountmartapp-cc4bf]: beginning deploy... 
[info] i  hosting[discountmartapp-cc4bf]: found 25 files in client/dist 
[debug] [2025-09-08T16:31:49.521Z] [hosting] uploading with 200 concurrency
[debug] [2025-09-08T16:31:49.690Z] Checked if tokens are valid: true, expires at: 1757351306010
[debug] [2025-09-08T16:31:49.690Z] Checked if tokens are valid: true, expires at: 1757351306010
[debug] [2025-09-08T16:31:49.692Z] [hosting] hash cache [Y2xpZW50L2Rpc3Q] stored for 25 files
[debug] [2025-09-08T16:31:49.692Z] [hosting][hash queue][FINAL] {"max":163,"min":25,"avg":41.44,"active":0,"complete":25,"success":25,"errored":0,"retried":0,"total":25,"elapsed":170}
[debug] [2025-09-08T16:31:49.693Z] >>> [apiv2][query] POST https://firebasehosting.googleapis.com/v1beta1/projects/299508835714/sites/discountmartapp-cc4bf/versions/33649ef9071549bc:populateFiles [none]
[debug] [2025-09-08T16:31:49.693Z] >>> [apiv2][body] POST https://firebasehosting.googleapis.com/v1beta1/projects/299508835714/sites/discountmartapp-cc4bf/versions/33649ef9071549bc:populateFiles {"files":{"/favicon.ico":"6cfcbbc1f61a55dbfadf4b957399d3eaf3bfdb16eb65ed43560a82dde3bd685f","/index.html":"7382163652a297ff71c4a92995b1a6228bd6b6e13ffa956633eaafd15837b69a","/assets/inter-vietnamese-400-normal-Bbgyi5SW.woff":"4b45392576cd2d9e2cb78e5db018ca320eeb6c9e23dd48363fdd43e5291d1eae","/assets/inter-vietnamese-400-normal-DMkecbls.woff2":"617acac0f9f159d07c67da6c466793a21daf4f32130cfd8ac1a1c3806593130c","/assets/inter-greek-ext-400-normal-Bput3-QP.woff2":"6c7de200f85dbd7a4a64e5b42637f01309b86b7939766e84659c49f0392b03b7","/assets/inter-greek-ext-400-normal-XIH6-K3k.woff":"9610226e86dd1d71f9ae53468e651710b38736d2eb793408a33178a54228b567","/assets/inter-cyrillic-ext-400-normal-BE2fNs0E.woff":"8726f7caaf62acc5c5eeb2926b3e37022f915aec9d0d673c9e5614f2856411e1","/assets/inter-greek-400-normal-C3I71FoW.woff":"bae4c34c5390bf0efeaa1ff2a3002112678d58fd9b860366cfc98510e7598410","/assets/inter-greek-400-normal-DxZsaF_h.woff2":"27ae8518183abc0f153c101f391231d3b208edc515f81e4fe68dc9c5c9dd492c","/assets/inter-cyrillic-ext-400-normal-Dc4VJyIJ.woff2":"e647d165aaac30fad23d81448d3d35baa3fde09950e56dd3bc3022f452211bc5","/assets/inter-cyrillic-400-normal-BLGc9T1a.woff2":"93c0a460df1463390e0b91c9830159289e936a846619bead958f747905564590","/assets/Home-5-hX_07Z.js":"df4ff65d03b25a8dcec396a07065e9198ac6e2758de00fa8510df878d671d92a","/assets/inter-cyrillic-400-normal-alAqRL36.woff":"9624c7b1e4bd5afc6f440b711168f185072a52cd67473feda8fd427b82ab0630","/assets/Home-5-hX_07Z.js.map":"13c591e7595b2a1334b12c6fa5b793da58fdbcea634c61de528786d3acbcaf46","/assets/inter-latin-400-normal-CyCys3Eg.woff":"e3ea31c6962193220d3b204a3941daf16dd8a2962b8d0b4760469561a1973adc","/assets/inter-latin-400-normal-C38fXH4l.woff2":"0f915fe00a484b988ba7715a6aaa135d77516aad4a4c2d251530084e49c855c5","/assets/index-PTl7nseo.css":"8190060078b7ea9dcad57dfa7856b09023776cc18368988ac8b9efd1971ba1d9","/assets/inter-latin-ext-400-normal-C1nco2VV.woff2":"60882d09041aabcb2122e88ebd3158774b93998f6c5731cafeeddd9f26a080da","/assets/inter-latin-ext-400-normal-77YHD8bZ.woff":"fa3f4d97f73f7a6b5be50f01a6b07f274e090ae0e3a9e96987f852c0768bf516","/assets/Checkout-DBc6ulfu.js":"ef3f3d58fe441db9c53179d1dbf18b8afc1237dedc36832786cb41f34feddf5f","/assets/vendor-DYYwmgDU.js":"7476c95ba284f5e107c30b014732fdb3a755dc6afe16e67e4496fffe1f46995a","/assets/index-D_takgGB.js":"a4fde37f4927939f0544dbf874e589532237a72e8e9d1b762565298bcadee9ad","/assets/Checkout-DBc6ulfu.js.map":"1fabaf8680658766d3e23a3dcaf46cd2e5b0d408fd8078cc2f738d0c65ab0445","/assets/vendor-DYYwmgDU.js.map":"6d2d3b0579835af3d714f06f8996e510d43e4d0ef0f100cf9b50687d33a63480","/assets/index-D_takgGB.js.map":"ccd1e58be6979cb10bd08218926078854c956f86ecd25da538993811700590b6"}}
[debug] [2025-09-08T16:31:50.134Z] <<< [apiv2][status] POST https://firebasehosting.googleapis.com/v1beta1/projects/299508835714/sites/discountmartapp-cc4bf/versions/33649ef9071549bc:populateFiles 200
[debug] [2025-09-08T16:31:50.134Z] <<< [apiv2][body] POST https://firebasehosting.googleapis.com/v1beta1/projects/299508835714/sites/discountmartapp-cc4bf/versions/33649ef9071549bc:populateFiles {"uploadRequiredHashes":["1fabaf8680658766d3e23a3dcaf46cd2e5b0d408fd8078cc2f738d0c65ab0445","7382163652a297ff71c4a92995b1a6228bd6b6e13ffa956633eaafd15837b69a","df4ff65d03b25a8dcec396a07065e9198ac6e2758de00fa8510df878d671d92a","ef3f3d58fe441db9c53179d1dbf18b8afc1237dedc36832786cb41f34feddf5f","ccd1e58be6979cb10bd08218926078854c956f86ecd25da538993811700590b6","13c591e7595b2a1334b12c6fa5b793da58fdbcea634c61de528786d3acbcaf46","a4fde37f4927939f0544dbf874e589532237a72e8e9d1b762565298bcadee9ad"],"uploadUrl":"https://upload-firebasehosting.googleapis.com/upload/sites/discountmartapp-cc4bf/versions/33649ef9071549bc/files"}
[debug] [2025-09-08T16:31:50.136Z] Checked if tokens are valid: true, expires at: 1757351306010
[debug] [2025-09-08T16:31:50.136Z] Checked if tokens are valid: true, expires at: 1757351306010
[debug] [2025-09-08T16:31:50.136Z] Checked if tokens are valid: true, expires at: 1757351306010
[debug] [2025-09-08T16:31:50.136Z] Checked if tokens are valid: true, expires at: 1757351306010
[debug] [2025-09-08T16:31:50.136Z] Checked if tokens are valid: true, expires at: 1757351306010
[debug] [2025-09-08T16:31:50.137Z] Checked if tokens are valid: true, expires at: 1757351306010
[debug] [2025-09-08T16:31:50.137Z] Checked if tokens are valid: true, expires at: 1757351306010
[debug] [2025-09-08T16:31:50.137Z] Checked if tokens are valid: true, expires at: 1757351306010
[debug] [2025-09-08T16:31:50.137Z] Checked if tokens are valid: true, expires at: 1757351306010
[debug] [2025-09-08T16:31:50.137Z] Checked if tokens are valid: true, expires at: 1757351306010
[debug] [2025-09-08T16:31:50.137Z] Checked if tokens are valid: true, expires at: 1757351306010
[debug] [2025-09-08T16:31:50.138Z] Checked if tokens are valid: true, expires at: 1757351306010
[debug] [2025-09-08T16:31:50.138Z] Checked if tokens are valid: true, expires at: 1757351306010
[debug] [2025-09-08T16:31:50.138Z] Checked if tokens are valid: true, expires at: 1757351306010
[debug] [2025-09-08T16:31:50.138Z] >>> [apiv2][query] POST https://upload-firebasehosting.googleapis.com/upload/sites/discountmartapp-cc4bf/versions/33649ef9071549bc/files/1fabaf8680658766d3e23a3dcaf46cd2e5b0d408fd8078cc2f738d0c65ab0445 [none]
[debug] [2025-09-08T16:31:50.138Z] >>> [apiv2][body] POST https://upload-firebasehosting.googleapis.com/upload/sites/discountmartapp-cc4bf/versions/33649ef9071549bc/files/1fabaf8680658766d3e23a3dcaf46cd2e5b0d408fd8078cc2f738d0c65ab0445 [stream]
[debug] [2025-09-08T16:31:50.139Z] >>> [apiv2][query] POST https://upload-firebasehosting.googleapis.com/upload/sites/discountmartapp-cc4bf/versions/33649ef9071549bc/files/7382163652a297ff71c4a92995b1a6228bd6b6e13ffa956633eaafd15837b69a [none]
[debug] [2025-09-08T16:31:50.140Z] >>> [apiv2][body] POST https://upload-firebasehosting.googleapis.com/upload/sites/discountmartapp-cc4bf/versions/33649ef9071549bc/files/7382163652a297ff71c4a92995b1a6228bd6b6e13ffa956633eaafd15837b69a [stream]
[debug] [2025-09-08T16:31:50.141Z] >>> [apiv2][query] POST https://upload-firebasehosting.googleapis.com/upload/sites/discountmartapp-cc4bf/versions/33649ef9071549bc/files/df4ff65d03b25a8dcec396a07065e9198ac6e2758de00fa8510df878d671d92a [none]
[debug] [2025-09-08T16:31:50.141Z] >>> [apiv2][body] POST https://upload-firebasehosting.googleapis.com/upload/sites/discountmartapp-cc4bf/versions/33649ef9071549bc/files/df4ff65d03b25a8dcec396a07065e9198ac6e2758de00fa8510df878d671d92a [stream]
[debug] [2025-09-08T16:31:50.143Z] >>> [apiv2][query] POST https://upload-firebasehosting.googleapis.com/upload/sites/discountmartapp-cc4bf/versions/33649ef9071549bc/files/ef3f3d58fe441db9c53179d1dbf18b8afc1237dedc36832786cb41f34feddf5f [none]
[debug] [2025-09-08T16:31:50.143Z] >>> [apiv2][body] POST https://upload-firebasehosting.googleapis.com/upload/sites/discountmartapp-cc4bf/versions/33649ef9071549bc/files/ef3f3d58fe441db9c53179d1dbf18b8afc1237dedc36832786cb41f34feddf5f [stream]
[debug] [2025-09-08T16:31:50.144Z] >>> [apiv2][query] POST https://upload-firebasehosting.googleapis.com/upload/sites/discountmartapp-cc4bf/versions/33649ef9071549bc/files/ccd1e58be6979cb10bd08218926078854c956f86ecd25da538993811700590b6 [none]
[debug] [2025-09-08T16:31:50.145Z] >>> [apiv2][body] POST https://upload-firebasehosting.googleapis.com/upload/sites/discountmartapp-cc4bf/versions/33649ef9071549bc/files/ccd1e58be6979cb10bd08218926078854c956f86ecd25da538993811700590b6 [stream]
[debug] [2025-09-08T16:31:50.147Z] >>> [apiv2][query] POST https://upload-firebasehosting.googleapis.com/upload/sites/discountmartapp-cc4bf/versions/33649ef9071549bc/files/13c591e7595b2a1334b12c6fa5b793da58fdbcea634c61de528786d3acbcaf46 [none]
[debug] [2025-09-08T16:31:50.147Z] >>> [apiv2][body] POST https://upload-firebasehosting.googleapis.com/upload/sites/discountmartapp-cc4bf/versions/33649ef9071549bc/files/13c591e7595b2a1334b12c6fa5b793da58fdbcea634c61de528786d3acbcaf46 [stream]
[debug] [2025-09-08T16:31:50.149Z] >>> [apiv2][query] POST https://upload-firebasehosting.googleapis.com/upload/sites/discountmartapp-cc4bf/versions/33649ef9071549bc/files/a4fde37f4927939f0544dbf874e589532237a72e8e9d1b762565298bcadee9ad [none]
[debug] [2025-09-08T16:31:50.150Z] >>> [apiv2][body] POST https://upload-firebasehosting.googleapis.com/upload/sites/discountmartapp-cc4bf/versions/33649ef9071549bc/files/a4fde37f4927939f0544dbf874e589532237a72e8e9d1b762565298bcadee9ad [stream]
[debug] [2025-09-08T16:31:50.151Z] [hosting][populate queue][FINAL] {"max":448,"min":448,"avg":448,"active":0,"complete":1,"success":1,"errored":0,"retried":0,"total":1,"elapsed":461}
[debug] [2025-09-08T16:31:50.152Z] [hosting] uploads queued: 7
[info] i  hosting: uploading new files [0/7] (0%) 
[debug] [2025-09-08T16:31:52.232Z] <<< [apiv2][status] POST https://upload-firebasehosting.googleapis.com/upload/sites/discountmartapp-cc4bf/versions/33649ef9071549bc/files/ef3f3d58fe441db9c53179d1dbf18b8afc1237dedc36832786cb41f34feddf5f 200
[debug] [2025-09-08T16:31:52.233Z] <<< [apiv2][body] POST https://upload-firebasehosting.googleapis.com/upload/sites/discountmartapp-cc4bf/versions/33649ef9071549bc/files/ef3f3d58fe441db9c53179d1dbf18b8afc1237dedc36832786cb41f34feddf5f [stream]
[debug] [2025-09-08T16:31:52.252Z] <<< [apiv2][status] POST https://upload-firebasehosting.googleapis.com/upload/sites/discountmartapp-cc4bf/versions/33649ef9071549bc/files/7382163652a297ff71c4a92995b1a6228bd6b6e13ffa956633eaafd15837b69a 200
[debug] [2025-09-08T16:31:52.252Z] <<< [apiv2][body] POST https://upload-firebasehosting.googleapis.com/upload/sites/discountmartapp-cc4bf/versions/33649ef9071549bc/files/7382163652a297ff71c4a92995b1a6228bd6b6e13ffa956633eaafd15837b69a [stream]
[debug] [2025-09-08T16:31:52.254Z] <<< [apiv2][status] POST https://upload-firebasehosting.googleapis.com/upload/sites/discountmartapp-cc4bf/versions/33649ef9071549bc/files/13c591e7595b2a1334b12c6fa5b793da58fdbcea634c61de528786d3acbcaf46 200
[debug] [2025-09-08T16:31:52.254Z] <<< [apiv2][body] POST https://upload-firebasehosting.googleapis.com/upload/sites/discountmartapp-cc4bf/versions/33649ef9071549bc/files/13c591e7595b2a1334b12c6fa5b793da58fdbcea634c61de528786d3acbcaf46 [stream]
[debug] [2025-09-08T16:31:52.537Z] <<< [apiv2][status] POST https://upload-firebasehosting.googleapis.com/upload/sites/discountmartapp-cc4bf/versions/33649ef9071549bc/files/1fabaf8680658766d3e23a3dcaf46cd2e5b0d408fd8078cc2f738d0c65ab0445 200
[debug] [2025-09-08T16:31:52.538Z] <<< [apiv2][body] POST https://upload-firebasehosting.googleapis.com/upload/sites/discountmartapp-cc4bf/versions/33649ef9071549bc/files/1fabaf8680658766d3e23a3dcaf46cd2e5b0d408fd8078cc2f738d0c65ab0445 [stream]
[debug] [2025-09-08T16:31:52.587Z] <<< [apiv2][status] POST https://upload-firebasehosting.googleapis.com/upload/sites/discountmartapp-cc4bf/versions/33649ef9071549bc/files/a4fde37f4927939f0544dbf874e589532237a72e8e9d1b762565298bcadee9ad 200
[debug] [2025-09-08T16:31:52.587Z] <<< [apiv2][body] POST https://upload-firebasehosting.googleapis.com/upload/sites/discountmartapp-cc4bf/versions/33649ef9071549bc/files/a4fde37f4927939f0544dbf874e589532237a72e8e9d1b762565298bcadee9ad [stream]
[debug] [2025-09-08T16:31:52.990Z] <<< [apiv2][status] POST https://upload-firebasehosting.googleapis.com/upload/sites/discountmartapp-cc4bf/versions/33649ef9071549bc/files/df4ff65d03b25a8dcec396a07065e9198ac6e2758de00fa8510df878d671d92a 200
[debug] [2025-09-08T16:31:52.990Z] <<< [apiv2][body] POST https://upload-firebasehosting.googleapis.com/upload/sites/discountmartapp-cc4bf/versions/33649ef9071549bc/files/df4ff65d03b25a8dcec396a07065e9198ac6e2758de00fa8510df878d671d92a [stream]
[debug] [2025-09-08T16:31:53.231Z] <<< [apiv2][status] POST https://upload-firebasehosting.googleapis.com/upload/sites/discountmartapp-cc4bf/versions/33649ef9071549bc/files/ccd1e58be6979cb10bd08218926078854c956f86ecd25da538993811700590b6 200
[debug] [2025-09-08T16:31:53.231Z] <<< [apiv2][body] POST https://upload-firebasehosting.googleapis.com/upload/sites/discountmartapp-cc4bf/versions/33649ef9071549bc/files/ccd1e58be6979cb10bd08218926078854c956f86ecd25da538993811700590b6 [stream]
[debug] [2025-09-08T16:31:53.232Z] [hosting][upload queue][FINAL] {"max":3095,"min":2096,"avg":2447.285714285714,"active":0,"complete":7,"success":7,"errored":0,"retried":0,"total":7,"elapsed":3097}
[info] i  hosting: upload complete 
[info] ✔  hosting[discountmartapp-cc4bf]: file upload complete 
[debug] [2025-09-08T16:31:53.233Z] [hosting] deploy completed after 3733ms
[debug] [2025-09-08T16:31:53.233Z] [
  {
    "config": {
      "public": "client/dist",
      "ignore": [
        "firebase.json",
        "**/.*",
        "**/node_modules/**"
      ],
      "rewrites": [
        {
          "source": "**",
          "destination": "/index.html"
        }
      ],
      "site": "discountmartapp-cc4bf"
    },
    "version": "projects/299508835714/sites/discountmartapp-cc4bf/versions/33649ef9071549bc"
  }
]
[info] i  hosting[discountmartapp-cc4bf]: finalizing version... 
[debug] [2025-09-08T16:31:53.235Z] Checked if tokens are valid: true, expires at: 1757351306010
[debug] [2025-09-08T16:31:53.236Z] Checked if tokens are valid: true, expires at: 1757351306010
[debug] [2025-09-08T16:31:53.237Z] >>> [apiv2][query] PATCH https://firebasehosting.googleapis.com/v1beta1/projects/-/sites/discountmartapp-cc4bf/versions/33649ef9071549bc updateMask=status%2Cconfig
[debug] [2025-09-08T16:31:53.238Z] >>> [apiv2][body] PATCH https://firebasehosting.googleapis.com/v1beta1/projects/-/sites/discountmartapp-cc4bf/versions/33649ef9071549bc {"status":"FINALIZED","config":{"rewrites":[{"glob":"**","path":"/index.html"}]}}
[debug] [2025-09-08T16:31:53.641Z] <<< [apiv2][status] PATCH https://firebasehosting.googleapis.com/v1beta1/projects/-/sites/discountmartapp-cc4bf/versions/33649ef9071549bc 200
[debug] [2025-09-08T16:31:53.641Z] <<< [apiv2][body] PATCH https://firebasehosting.googleapis.com/v1beta1/projects/-/sites/discountmartapp-cc4bf/versions/33649ef9071549bc {"name":"projects/299508835714/sites/discountmartapp-cc4bf/versions/33649ef9071549bc","status":"FINALIZED","config":{"rewrites":[{"glob":"**","path":"/index.html"}]},"labels":{"deployment-tool":"cli-firebase"},"createTime":"2025-09-08T16:31:49.405478Z","createUser":{"email":"mugabetrinity@gmail.com"},"finalizeTime":"2025-09-08T16:31:53.867048Z","finalizeUser":{"email":"mugabetrinity@gmail.com"}}
[debug] [2025-09-08T16:31:53.641Z] [hosting] finalized version for discountmartapp-cc4bf:[object Object]
[info] ✔  hosting[discountmartapp-cc4bf]: version finalized 
[info] i  hosting[discountmartapp-cc4bf]: releasing new version... 
[debug] [2025-09-08T16:31:53.642Z] Checked if tokens are valid: true, expires at: 1757351306010
[debug] [2025-09-08T16:31:53.642Z] Checked if tokens are valid: true, expires at: 1757351306010
[debug] [2025-09-08T16:31:53.642Z] >>> [apiv2][query] POST https://firebasehosting.googleapis.com/v1beta1/projects/-/sites/discountmartapp-cc4bf/channels/live/releases versionName=projects%2F299508835714%2Fsites%2Fdiscountmartapp-cc4bf%2Fversions%2F33649ef9071549bc
[debug] [2025-09-08T16:31:53.643Z] >>> [apiv2][body] POST https://firebasehosting.googleapis.com/v1beta1/projects/-/sites/discountmartapp-cc4bf/channels/live/releases {}
[debug] [2025-09-08T16:31:54.305Z] <<< [apiv2][status] POST https://firebasehosting.googleapis.com/v1beta1/projects/-/sites/discountmartapp-cc4bf/channels/live/releases 200
[debug] [2025-09-08T16:31:54.306Z] <<< [apiv2][body] POST https://firebasehosting.googleapis.com/v1beta1/projects/-/sites/discountmartapp-cc4bf/channels/live/releases {"name":"projects/299508835714/sites/discountmartapp-cc4bf/channels/live/releases/1757349113966000","version":{"name":"projects/299508835714/sites/discountmartapp-cc4bf/versions/33649ef9071549bc","status":"FINALIZED","config":{"rewrites":[{"glob":"**","path":"/index.html"}]},"labels":{"deployment-tool":"cli-firebase"},"createTime":"2025-09-08T16:31:49.405478Z","createUser":{"email":"mugabetrinity@gmail.com","imageUrl":"https://lh3.googleusercontent.com/a/ACg8ocJUU-YkeYdEq4ZwWtKBC4WpLsH4qG5JCMtD246-mRW5cshwMw=mo"},"finalizeTime":"2025-09-08T16:31:53.867048Z","finalizeUser":{"email":"mugabetrinity@gmail.com","imageUrl":"https://lh3.googleusercontent.com/a/ACg8ocJUU-YkeYdEq4ZwWtKBC4WpLsH4qG5JCMtD246-mRW5cshwMw=mo"}},"type":"DEPLOY","releaseTime":"2025-09-08T16:31:53.966Z","releaseUser":{"email":"mugabetrinity@gmail.com","imageUrl":"https://lh3.googleusercontent.com/a/ACg8ocJUU-YkeYdEq4ZwWtKBC4WpLsH4qG5JCMtD246-mRW5cshwMw=mo"}}
[debug] [2025-09-08T16:31:54.306Z] [hosting] release: {"name":"projects/299508835714/sites/discountmartapp-cc4bf/channels/live/releases/1757349113966000","version":{"name":"projects/299508835714/sites/discountmartapp-cc4bf/versions/33649ef9071549bc","status":"FINALIZED","config":{"rewrites":[{"glob":"**","path":"/index.html"}]},"labels":{"deployment-tool":"cli-firebase"},"createTime":"2025-09-08T16:31:49.405478Z","createUser":{"email":"mugabetrinity@gmail.com","imageUrl":"https://lh3.googleusercontent.com/a/ACg8ocJUU-YkeYdEq4ZwWtKBC4WpLsH4qG5JCMtD246-mRW5cshwMw=mo"},"finalizeTime":"2025-09-08T16:31:53.867048Z","finalizeUser":{"email":"mugabetrinity@gmail.com","imageUrl":"https://lh3.googleusercontent.com/a/ACg8ocJUU-YkeYdEq4ZwWtKBC4WpLsH4qG5JCMtD246-mRW5cshwMw=mo"}},"type":"DEPLOY","releaseTime":"2025-09-08T16:31:53.966Z","releaseUser":{"email":"mugabetrinity@gmail.com","imageUrl":"https://lh3.googleusercontent.com/a/ACg8ocJUU-YkeYdEq4ZwWtKBC4WpLsH4qG5JCMtD246-mRW5cshwMw=mo"}}
[info] ✔  hosting[discountmartapp-cc4bf]: release complete 
[info] 
[info] ✔  Deploy complete! 
[info] 
[info] Project Console: https://console.firebase.google.com/project/discountmartapp-cc4bf/overview
[info] Hosting URL: https://discountmartapp-cc4bf.web.app
